incidentid,alertid,detectorid,alerttitle,deviceid,ipaddress,accountsid,accountupn,accountobjectid,accountname,devicename,applicationid,applicationname,filename,folderpath,osfamily,osversion,hour,category
1,-1,-1,-1,0,0,-1,0,-1,0,0,8,11,0,24,0,0,15,InitialAccess
0,-1,-1,-1,0,0,-1,0,-1,0,0,1,11,0,24,0,0,15,InitialAccess
1,-1,-1,-1,0,0,-1,0,-1,0,0,8,11,0,24,0,0,15,InitialAccess
0,-1,-1,-1,0,0,-1,0,-1,0,0,1,11,0,24,0,0,15,InitialAccess
0,-1,-1,-1,0,0,-1,0,-1,0,0,10,31,0,14,0,0,15,InitialAccess
0,-1,-1,-1,0,0,-1,0,-1,0,0,8,11,0,24,0,0,15,InitialAccess
1,-1,-1,-1,0,0,-1,0,-1,0,0,8,11,0,24,0,0,15,InitialAccess
1,-1,-1,-1,0,0,-1,0,-1,0,0,8,11,0,24,0,0,15,InitialAccess
1,-1,-1,-1,0,0,-1,0,-1,0,0,8,11,0,24,0,0,15,InitialAccess
1,-1,-1,-1,0,0,-1,0,-1,0,0,8,11,0,24,0,0,15,InitialAccess
1,-1,-1,-1,0,0,-1,0,-1,0,0,8,11,0,24,0,0,15,InitialAccess
1,-1,-1,-1,0,0,-1,0,-1,0,0,8,11,0,24,0,0,15,InitialAccess
1,-1,-1,-1,0,0,-1,0,-1,0,0,8,11,0,24,0,0,15,InitialAccess
1,-1,-1,-1,0,0,-1,0,-1,0,0,8,11,0,24,0,0,15,InitialAccess
1,-1,-1,-1,0,0,-1,0,-1,0,0,8,11,0,24,0,0,15,InitialAccess
1,-1,-1,-1,0,0,-1,0,-1,0,0,8,11,0,24,0,0,15,InitialAccess
1,-1,-1,-1,0,0,-1,0,-1,0,0,8,11,0,24,0,0,15,InitialAccess
0,-1,-1,-1,0,0,-1,0,-1,0,0,1,11,0,24,0,0,16,InitialAccess
0,-1,-1,-1,0,0,-1,0,-1,0,0,4,23,0,6,0,0,16,InitialAccess
0,-1,-1,-1,0,0,-1,0,-1,0,0,4,23,0,6,0,0,16,InitialAccess
0,-1,-1,-1,0,0,-1,0,-1,0,0,1,11,0,24,0,0,16,InitialAccess
0,-1,-1,-1,0,0,-1,0,-1,0,0,1,11,0,24,0,0,16,InitialAccess
0,-1,-1,-1,0,0,-1,0,-1,0,0,1,11,0,24,0,0,16,InitialAccess
1,-1,-1,-1,0,0,-1,0,-1,0,0,8,11,0,24,0,0,16,InitialAccess
1,-1,-1,-1,0,0,-1,0,-1,0,0,8,11,0,24,0,0,16,InitialAccess
0,-1,-1,-1,0,0,-1,0,-1,0,0,8,11,0,24,0,0,16,InitialAccess
0,-1,-1,-1,0,0,-1,0,-1,0,0,8,11,0,24,0,0,16,InitialAccess
0,-1,-1,-1,0,0,-1,0,-1,0,0,1,11,0,24,0,0,16,InitialAccess
0,-1,-1,-1,0,0,-1,0,-1,0,0,1,11,0,24,0,0,16,InitialAccess
1,-1,-1,-1,0,0,-1,0,-1,0,0,8,11,0,24,0,0,16,InitialAccess
1,-1,-1,-1,0,0,-1,0,-1,0,0,8,11,0,24,0,0,16,InitialAccess
1,-1,-1,-1,0,0,-1,0,-1,0,0,8,11,0,24,0,0,16,InitialAccess
1,-1,-1,-1,0,0,-1,0,-1,0,0,8,11,0,24,0,0,16,InitialAccess
0,-1,-1,-1,0,0,-1,0,-1,0,0,8,11,0,24,0,0,16,InitialAccess
0,-1,-1,-1,0,0,-1,0,-1,0,0,8,11,0,24,0,0,16,InitialAccess
0,-1,-1,-1,0,0,-1,0,-1,0,0,8,11,0,24,0,0,16,InitialAccess
0,-1,-1,-1,0,0,-1,0,-1,0,0,8,11,0,24,0,0,16,InitialAccess
0,-1,-1,-1,0,0,-1,0,-1,0,0,1,11,0,24,0,0,16,InitialAccess
0,-1,-1,-1,0,0,-1,0,-1,0,0,10,31,0,14,0,0,16,InitialAccess
0,-1,-1,-1,0,0,-1,0,-1,0,0,1,11,0,24,0,0,16,InitialAccess
1,-1,-1,-1,0,0,-1,0,-1,0,0,8,11,0,24,0,0,16,InitialAccess
1,-1,-1,-1,0,0,-1,0,-1,0,0,8,11,0,24,0,0,16,InitialAccess
0,-1,-1,-1,0,0,-1,0,-1,0,0,8,11,0,24,0,0,16,InitialAccess
0,-1,-1,-1,0,0,-1,0,-1,0,0,8,11,0,24,0,0,16,InitialAccess
0,-1,-1,-1,0,0,-1,0,-1,0,0,1,11,0,24,0,0,15,InitialAccess
0,-1,-1,-1,0,0,-1,0,-1,0,0,1,11,0,24,0,0,15,InitialAccess
0,-1,-1,-1,0,0,-1,0,-1,0,0,1,11,0,24,0,0,15,InitialAccess
0,-1,-1,-1,0,0,-1,0,-1,0,0,7,12,0,1,0,0,15,InitialAccess
0,-1,-1,-1,0,0,-1,0,-1,0,0,10,31,0,14,0,0,16,InitialAccess
0,-1,-1,-1,0,0,-1,0,-1,0,0,1,11,0,24,0,0,16,InitialAccess
0,-1,-1,-1,0,0,-1,0,-1,0,0,1,11,0,24,0,0,15,InitialAccess
1,-1,-1,-1,0,0,-1,0,-1,0,0,8,11,0,24,0,0,16,InitialAccess
0,-1,-1,-1,0,0,-1,0,-1,0,0,8,11,0,24,0,0,15,InitialAccess
0,-1,-1,-1,0,0,-1,0,-1,0,0,8,11,0,24,0,0,16,InitialAccess
0,-1,-1,-1,0,0,-1,0,-1,0,0,8,11,0,24,0,0,15,InitialAccess
0,-1,-1,-1,0,0,-1,0,-1,0,0,4,23,0,6,0,0,15,InitialAccess
0,-1,-1,-1,0,0,-1,0,-1,0,0,1,11,0,24,0,0,15,InitialAccess
0,-1,-1,-1,0,0,-1,0,-1,0,0,1,11,0,24,0,0,15,InitialAccess
1,-1,-1,-1,0,0,-1,0,-1,0,0,8,11,0,24,0,0,15,InitialAccess
1,-1,-1,-1,0,0,-1,0,-1,0,0,8,11,0,24,0,0,15,InitialAccess
0,-1,-1,-1,0,0,-1,0,-1,0,0,8,11,0,24,0,0,15,InitialAccess
0,-1,-1,-1,0,0,-1,0,-1,0,0,8,11,0,24,0,0,15,InitialAccess
0,-1,-1,-1,0,0,-1,0,-1,0,0,8,11,0,24,0,0,15,InitialAccess
0,-1,-1,-1,0,0,-1,0,-1,0,0,8,11,0,24,0,0,15,InitialAccess
0,-1,-1,-1,0,0,-1,0,-1,0,0,8,11,0,24,0,0,15,InitialAccess
0,-1,-1,-1,0,0,-1,0,-1,0,0,1,11,0,24,0,0,16,InitialAccess
0,-1,-1,-1,0,0,-1,0,-1,0,0,1,11,0,24,0,0,16,InitialAccess
0,-1,-1,-1,0,0,-1,0,-1,0,0,1,11,0,24,0,0,16,InitialAccess
0,-1,-1,-1,0,0,-1,0,-1,0,0,1,11,0,24,0,0,16,InitialAccess
0,-1,-1,-1,0,0,-1,0,-1,0,0,8,11,0,24,0,0,16,InitialAccess
0,-1,-1,-1,0,0,-1,0,-1,0,0,8,11,0,24,0,0,16,InitialAccess
0,-1,-1,-1,0,0,-1,0,-1,0,0,8,11,0,24,0,0,16,InitialAccess
0,-1,-1,-1,0,0,-1,0,-1,0,0,8,11,0,24,0,0,16,InitialAccess
1,-1,-1,-1,0,0,-1,0,-1,0,0,8,11,0,24,0,0,15,InitialAccess
1,-1,-1,-1,0,0,-1,0,-1,0,0,8,11,0,24,0,0,15,InitialAccess
1,-1,-1,-1,0,0,-1,0,-1,0,0,8,11,0,24,0,0,15,InitialAccess
1,-1,-1,-1,0,0,-1,0,-1,0,0,8,11,0,24,0,0,15,InitialAccess
1,-1,-1,-1,0,0,-1,0,-1,0,0,8,11,0,24,0,0,15,InitialAccess
0,-1,-1,-1,0,0,-1,0,-1,0,0,10,31,0,14,0,0,16,InitialAccess
0,-1,-1,-1,0,0,-1,0,-1,0,0,1,11,0,24,0,0,16,InitialAccess
0,-1,-1,-1,0,0,-1,0,-1,0,0,8,11,0,24,0,0,16,InitialAccess
1,-1,-1,-1,0,0,-1,0,-1,0,0,8,11,0,24,0,0,16,InitialAccess
0,-1,-1,-1,0,0,-1,0,-1,0,0,8,11,0,24,0,0,16,InitialAccess
0,-1,-1,-1,0,0,-1,0,-1,0,0,1,11,0,24,0,0,16,InitialAccess
0,-1,-1,-1,0,0,-1,0,-1,0,0,1,11,0,24,0,0,16,InitialAccess
0,-1,-1,-1,0,0,-1,0,-1,0,0,8,11,0,24,0,0,16,InitialAccess
0,-1,-1,-1,0,0,-1,0,-1,0,0,1,11,0,24,0,0,16,InitialAccess
0,-1,-1,-1,0,0,-1,0,-1,0,0,1,11,0,24,0,0,16,InitialAccess
1,-1,-1,-1,0,0,-1,0,-1,0,0,8,11,0,24,0,0,16,InitialAccess
1,-1,-1,-1,0,0,-1,0,-1,0,0,8,11,0,24,0,0,16,InitialAccess
0,-1,-1,-1,0,0,-1,0,-1,0,0,8,11,0,24,0,0,16,InitialAccess
0,-1,-1,-1,0,0,-1,0,-1,0,0,8,11,0,24,0,0,16,InitialAccess
0,-1,-1,-1,0,0,-1,0,-1,0,0,8,11,0,24,0,0,19,InitialAccess
0,-1,-1,-1,0,0,-1,0,-1,0,0,8,11,0,24,0,0,19,InitialAccess
0,-1,-1,-1,0,0,-1,0,-1,0,0,1,11,0,24,0,0,19,InitialAccess
0,-1,-1,-1,0,0,-1,0,-1,0,0,1,11,0,24,0,0,19,InitialAccess
0,-1,-1,-1,0,0,-1,0,-1,0,0,1,11,0,24,0,0,19,InitialAccess
0,-1,-1,-1,0,0,-1,0,-1,0,0,8,11,0,24,0,0,19,InitialAccess
0,-1,-1,-1,0,0,-1,0,-1,0,0,8,11,0,24,0,0,19,InitialAccess
1,-1,-1,-1,0,0,-1,0,-1,0,0,8,11,0,24,0,0,19,InitialAccess
0,-1,-1,-1,0,0,-1,0,-1,0,0,1,11,0,24,0,0,19,InitialAccess
0,-1,-1,-1,0,0,-1,0,-1,0,0,8,2,0,24,0,0,19,InitialAccess
0,-1,-1,-1,0,0,-1,0,-1,0,0,4,23,0,6,0,0,19,InitialAccess
0,-1,-1,-1,0,0,-1,0,-1,0,0,4,23,0,6,0,0,19,InitialAccess
1,-1,-1,-1,0,0,-1,0,-1,0,0,8,11,0,24,0,0,19,InitialAccess
1,-1,-1,-1,0,0,-1,0,-1,0,0,8,11,0,24,0,0,19,InitialAccess
1,-1,-1,-1,0,0,-1,0,-1,0,0,8,11,0,24,0,0,19,InitialAccess
1,-1,-1,-1,0,0,-1,0,-1,0,0,8,11,0,24,0,0,19,InitialAccess
1,-1,-1,-1,0,0,-1,0,-1,0,0,8,11,0,24,0,0,19,InitialAccess
0,-1,-1,-1,0,0,-1,0,-1,0,0,8,11,0,24,0,0,19,InitialAccess
0,-1,-1,-1,0,0,-1,0,-1,0,0,8,11,0,24,0,0,19,InitialAccess
0,-1,-1,-1,0,0,-1,0,-1,0,0,1,11,0,24,0,0,19,InitialAccess
0,-1,-1,-1,0,0,-1,0,-1,0,0,8,11,0,24,0,0,19,InitialAccess
0,-1,-1,-1,0,0,-1,0,-1,0,0,8,11,0,24,0,0,19,InitialAccess
0,-1,-1,-1,0,0,-1,0,-1,0,0,7,21,0,2,0,0,19,InitialAccess
0,-1,-1,-1,0,0,-1,0,-1,0,0,1,11,0,24,0,0,19,InitialAccess
0,-1,-1,-1,0,0,-1,0,-1,0,0,1,11,0,24,0,0,19,InitialAccess
0,-1,-1,-1,0,0,-1,0,-1,0,0,1,11,0,24,0,0,19,InitialAccess
1,-1,-1,-1,0,0,-1,0,-1,0,0,8,11,0,24,0,0,19,InitialAccess
0,-1,-1,-1,0,0,-1,0,-1,0,0,8,11,0,24,0,0,19,InitialAccess
1,-1,-1,-1,0,0,-1,0,-1,0,0,8,11,0,24,0,0,19,InitialAccess
0,-1,-1,-1,0,0,-1,0,-1,0,0,8,11,0,24,0,0,19,InitialAccess
0,-1,-1,-1,0,0,-1,0,-1,0,0,1,11,0,24,0,0,19,InitialAccess
0,-1,-1,-1,0,0,-1,0,-1,0,0,0,0,0,10,0,0,19,InitialAccess
0,-1,-1,-1,0,0,-1,0,-1,0,0,1,11,0,24,0,0,19,InitialAccess
0,-1,-1,-1,0,0,-1,0,-1,0,0,1,11,0,24,0,0,19,InitialAccess
0,-1,-1,-1,0,0,-1,0,-1,0,0,1,11,0,24,0,0,19,InitialAccess
0,-1,-1,-1,0,0,-1,0,-1,0,0,8,11,0,24,0,0,19,InitialAccess
0,-1,-1,-1,0,0,-1,0,-1,0,0,8,11,0,24,0,0,19,InitialAccess
0,-1,-1,-1,0,0,-1,0,-1,0,0,8,11,0,24,0,0,19,InitialAccess
0,-1,-1,-1,0,0,-1,0,-1,0,0,8,11,0,24,0,0,19,InitialAccess
0,-1,-1,-1,0,0,-1,0,-1,0,0,1,11,0,24,0,0,18,InitialAccess
0,-1,-1,-1,0,0,-1,0,-1,0,0,8,11,0,24,0,0,18,InitialAccess
1,-1,-1,-1,0,0,-1,0,-1,0,0,8,11,0,24,0,0,18,InitialAccess
0,-1,-1,-1,0,0,-1,0,-1,0,0,8,11,0,24,0,0,18,InitialAccess
0,-1,-1,-1,0,0,-1,0,-1,0,0,1,11,0,24,0,0,18,InitialAccess
0,-1,-1,-1,0,0,-1,0,-1,0,0,1,11,0,24,0,0,18,InitialAccess
0,-1,-1,-1,0,0,-1,0,-1,0,0,1,11,0,24,0,0,18,InitialAccess
0,-1,-1,-1,0,0,-1,0,-1,0,0,4,23,0,6,0,0,18,InitialAccess
1,-1,-1,-1,0,0,-1,0,-1,0,0,8,11,0,24,0,0,18,InitialAccess
1,-1,-1,-1,0,0,-1,0,-1,0,0,8,11,0,24,0,0,18,InitialAccess
0,-1,-1,-1,0,0,-1,0,-1,0,0,8,11,0,24,0,0,18,InitialAccess
0,-1,-1,-1,0,0,-1,0,-1,0,0,8,11,0,24,0,0,18,InitialAccess
1,-1,-1,-1,0,0,-1,0,-1,0,0,8,11,0,24,0,0,18,InitialAccess
0,-1,-1,-1,0,0,-1,0,-1,0,0,1,11,0,24,0,0,18,InitialAccess
0,-1,-1,-1,0,0,-1,0,-1,0,0,8,11,0,24,0,0,18,InitialAccess
0,-1,-1,-1,0,0,-1,0,-1,0,0,1,11,0,24,0,0,18,InitialAccess
0,-1,-1,-1,0,0,-1,0,-1,0,0,7,24,0,7,0,0,18,InitialAccess
0,-1,-1,-1,0,0,-1,0,-1,0,0,8,11,0,24,0,0,18,InitialAccess
0,-1,-1,-1,0,0,-1,0,-1,0,0,1,11,0,24,0,0,18,InitialAccess
0,-1,-1,-1,0,0,-1,0,-1,0,0,1,11,0,24,0,0,18,InitialAccess
0,-1,-1,-1,0,0,-1,0,-1,0,0,4,23,0,6,0,0,19,InitialAccess
1,-1,-1,-1,0,0,-1,0,-1,0,0,8,11,0,24,0,0,19,InitialAccess
1,-1,-1,-1,0,0,-1,0,-1,0,0,8,11,0,24,0,0,19,InitialAccess
0,-1,-1,-1,0,0,-1,0,-1,0,0,8,11,0,24,0,0,18,InitialAccess
0,-1,-1,-1,0,0,-1,0,-1,0,0,8,11,0,24,0,0,18,InitialAccess
1,-1,-1,-1,0,0,-1,0,-1,0,0,8,11,0,24,0,0,17,InitialAccess
1,-1,-1,-1,0,0,-1,0,-1,0,0,8,11,0,24,0,0,17,InitialAccess
0,-1,-1,-1,0,0,-1,0,-1,0,0,1,11,0,24,0,0,17,InitialAccess
0,-1,-1,-1,0,0,-1,0,-1,0,0,8,2,0,24,0,0,17,InitialAccess
0,-1,-1,-1,0,0,-1,0,-1,0,0,4,23,0,6,0,0,17,InitialAccess
0,-1,-1,-1,0,0,-1,0,-1,0,0,1,11,0,24,0,0,17,InitialAccess
0,-1,-1,-1,0,0,-1,0,-1,0,0,7,26,0,25,0,0,17,InitialAccess
1,-1,-1,-1,0,0,-1,0,-1,0,0,8,11,0,24,0,0,17,InitialAccess
1,-1,-1,-1,0,0,-1,0,-1,0,0,8,11,0,24,0,0,17,InitialAccess
0,-1,-1,-1,0,0,-1,0,-1,0,0,8,11,0,24,0,0,17,InitialAccess
0,-1,-1,-1,0,0,-1,0,-1,0,0,8,11,0,24,0,0,17,InitialAccess
0,-1,-1,-1,0,0,-1,0,-1,0,0,1,11,0,24,0,0,17,InitialAccess
0,-1,-1,-1,0,0,-1,0,-1,0,0,1,11,0,24,0,0,17,InitialAccess
0,-1,-1,-1,0,0,-1,0,-1,0,0,1,11,0,24,0,0,18,InitialAccess
0,-1,-1,-1,0,0,-1,0,-1,0,0,1,27,0,26,0,0,18,InitialAccess
0,-1,-1,-1,0,0,-1,0,-1,0,0,1,11,0,24,0,0,18,InitialAccess
0,-1,-1,-1,0,0,-1,0,-1,0,0,8,11,0,24,0,0,18,InitialAccess
0,-1,-1,-1,0,0,-1,0,-1,0,0,8,11,0,24,0,0,18,InitialAccess
0,-1,-1,-1,0,0,-1,0,-1,0,0,8,11,0,24,0,0,17,InitialAccess
0,-1,-1,-1,0,0,-1,0,-1,0,0,8,11,0,24,0,0,17,InitialAccess
0,-1,-1,-1,0,0,-1,0,-1,0,0,1,11,0,24,0,0,17,InitialAccess
0,-1,-1,-1,0,0,-1,0,-1,0,0,8,11,0,24,0,0,17,InitialAccess
0,-1,-1,-1,0,0,-1,0,-1,0,0,8,11,0,24,0,0,17,InitialAccess
0,-1,-1,-1,0,0,-1,0,-1,0,0,8,11,0,24,0,0,17,InitialAccess
0,-1,-1,-1,0,0,-1,0,-1,0,0,17,7,0,12,0,0,17,InitialAccess
0,-1,-1,-1,0,0,-1,0,-1,0,0,1,11,0,24,0,0,17,InitialAccess
0,-1,-1,-1,0,0,-1,0,-1,0,0,1,11,0,24,0,0,17,InitialAccess
0,-1,-1,-1,0,0,-1,0,-1,0,0,8,11,0,24,0,0,17,InitialAccess
0,-1,-1,-1,0,0,-1,0,-1,0,0,1,11,0,24,0,0,17,InitialAccess
0,-1,-1,-1,0,0,-1,0,-1,0,0,0,0,0,10,0,0,17,InitialAccess
0,-1,-1,-1,0,0,-1,0,-1,0,0,1,11,0,24,0,0,17,InitialAccess
0,-1,-1,-1,0,0,-1,0,-1,0,0,1,11,0,24,0,0,17,InitialAccess
0,-1,-1,-1,0,0,-1,0,-1,0,0,8,11,0,24,0,0,17,InitialAccess
0,-1,-1,-1,0,0,-1,0,-1,0,0,8,11,0,24,0,0,17,InitialAccess
0,-1,-1,-1,0,0,-1,0,-1,0,0,8,11,0,24,0,0,17,InitialAccess
0,-1,-1,-1,0,0,-1,0,-1,0,0,1,11,0,24,0,0,17,InitialAccess
0,-1,-1,-1,0,0,-1,0,-1,0,0,8,11,0,24,0,0,17,InitialAccess
0,-1,-1,-1,0,0,-1,0,-1,0,0,8,11,0,24,0,0,17,InitialAccess
0,-1,-1,-1,0,0,-1,0,-1,0,0,1,11,0,24,0,0,17,InitialAccess
0,-1,-1,-1,0,0,-1,0,-1,0,0,1,11,0,24,0,0,17,InitialAccess
0,-1,-1,-1,0,0,-1,0,-1,0,0,1,11,0,24,0,0,17,InitialAccess
0,-1,-1,-1,0,0,-1,0,-1,0,0,1,11,0,24,0,0,17,InitialAccess
0,-1,-1,-1,0,0,-1,0,-1,0,0,1,11,0,24,0,0,17,InitialAccess
0,-1,-1,-1,0,0,-1,0,-1,0,0,1,11,0,24,0,0,17,InitialAccess
0,-1,-1,-1,0,0,-1,0,-1,0,0,8,11,0,24,0,0,17,InitialAccess
0,-1,-1,-1,0,0,-1,0,-1,0,0,8,11,0,24,0,0,17,InitialAccess
0,-1,-1,-1,0,0,-1,0,-1,0,0,8,11,0,24,0,0,17,InitialAccess
0,-1,-1,-1,0,0,-1,0,-1,0,0,15,3,0,11,0,0,18,InitialAccess
0,-1,-1,-1,0,0,-1,0,-1,0,0,15,3,0,11,0,0,18,InitialAccess
0,-1,-1,-1,0,0,-1,0,-1,0,0,6,22,0,23,0,0,18,InitialAccess
0,-1,-1,-1,0,0,-1,0,-1,0,0,1,11,0,24,0,0,18,InitialAccess
0,-1,-1,-1,0,0,-1,0,-1,0,0,1,11,0,24,0,0,18,InitialAccess
0,-1,-1,-1,0,0,-1,0,-1,0,0,8,11,0,24,0,0,18,InitialAccess
0,-1,-1,-1,0,0,-1,0,-1,0,0,8,11,0,24,0,0,18,InitialAccess
1,-1,-1,-1,0,0,-1,0,-1,0,0,8,11,0,24,0,0,18,InitialAccess
0,-1,-1,-1,0,0,-1,0,-1,0,0,8,11,0,24,0,0,18,InitialAccess
0,-1,-1,-1,0,0,-1,0,-1,0,0,8,11,0,24,0,0,18,InitialAccess
0,-1,-1,-1,0,0,-1,0,-1,0,0,1,11,0,24,0,0,18,InitialAccess
0,-1,-1,-1,0,0,-1,0,-1,0,0,8,11,0,24,0,0,18,InitialAccess
0,-1,-1,-1,0,0,-1,0,-1,0,0,1,11,0,24,0,0,18,InitialAccess
0,-1,-1,-1,0,0,-1,0,-1,0,0,1,11,0,24,0,0,18,InitialAccess
0,-1,-1,-1,0,0,-1,0,-1,0,0,8,11,0,24,0,0,18,InitialAccess
0,-1,-1,-1,0,0,-1,0,-1,0,0,1,11,0,24,0,0,18,InitialAccess
0,-1,-1,-1,0,0,-1,0,-1,0,0,4,23,0,6,0,0,18,InitialAccess
0,-1,-1,-1,0,0,-1,0,-1,0,0,8,11,0,24,0,0,18,InitialAccess
0,-1,-1,-1,0,0,-1,0,-1,0,0,1,11,0,24,0,0,18,InitialAccess
0,-1,-1,-1,0,0,-1,0,-1,0,0,1,11,0,24,0,0,18,InitialAccess
0,-1,-1,-1,0,0,-1,0,-1,0,0,1,11,0,24,0,0,18,InitialAccess
0,-1,-1,-1,0,0,-1,0,-1,0,0,1,19,0,19,0,0,18,InitialAccess
0,-1,-1,-1,0,0,-1,0,-1,0,0,1,11,0,24,0,0,18,InitialAccess
0,-1,-1,-1,0,0,-1,0,-1,0,0,8,11,0,24,0,0,18,InitialAccess
0,-1,-1,-1,0,0,-1,0,-1,0,0,1,11,0,24,0,0,18,InitialAccess
0,-1,-1,-1,0,0,-1,0,-1,0,0,8,11,0,24,0,0,18,InitialAccess
0,-1,-1,-1,0,0,-1,0,-1,0,0,8,11,0,24,0,0,18,InitialAccess
0,-1,-1,-1,0,0,-1,0,-1,0,0,1,11,0,24,0,0,18,InitialAccess
0,-1,-1,-1,0,0,-1,0,-1,0,0,1,11,0,24,0,0,18,InitialAccess
0,-1,-1,-1,0,0,-1,0,-1,0,0,7,24,0,7,0,0,18,InitialAccess
1,-1,-1,-1,0,0,-1,0,-1,0,0,8,11,0,24,0,0,18,InitialAccess
0,-1,-1,-1,0,0,-1,0,-1,0,0,8,11,0,24,0,0,18,InitialAccess
0,-1,-1,-1,0,0,-1,0,-1,0,0,8,11,0,24,0,0,18,InitialAccess
0,-1,-1,-1,0,0,-1,0,-1,0,0,8,11,0,24,0,0,17,InitialAccess
0,-1,-1,-1,0,0,-1,0,-1,0,0,8,11,0,24,0,0,17,InitialAccess
0,-1,-1,-1,0,0,-1,0,-1,0,0,17,8,0,13,0,0,17,InitialAccess
0,-1,-1,-1,0,0,-1,0,-1,0,0,1,11,0,24,0,0,17,InitialAccess
0,-1,-1,-1,0,0,-1,0,-1,0,0,1,11,0,24,0,0,17,InitialAccess
0,-1,-1,-1,0,0,-1,0,-1,0,0,8,11,0,24,0,0,17,InitialAccess
0,-1,-1,-1,0,0,-1,0,-1,0,0,1,11,0,24,0,0,17,InitialAccess
0,-1,-1,-1,0,0,-1,0,-1,0,0,8,11,0,24,0,0,17,InitialAccess
0,-1,-1,-1,0,0,-1,0,-1,0,0,8,11,0,24,0,0,17,InitialAccess
0,-1,-1,-1,0,0,-1,0,-1,0,0,1,11,0,24,0,0,17,InitialAccess
0,-1,-1,-1,0,0,-1,0,-1,0,0,8,11,0,24,0,0,17,InitialAccess
0,-1,-1,-1,0,0,-1,0,-1,0,0,8,11,0,24,0,0,17,InitialAccess
0,-1,-1,-1,0,0,-1,0,-1,0,0,1,11,0,24,0,0,17,InitialAccess
0,-1,-1,-1,0,0,-1,0,-1,0,0,8,11,0,24,0,0,17,InitialAccess
0,-1,-1,-1,0,0,-1,0,-1,0,0,8,11,0,24,0,0,17,InitialAccess
0,-1,-1,-1,0,0,-1,0,-1,0,0,1,11,0,24,0,0,17,InitialAccess
0,-1,-1,-1,0,0,-1,0,-1,0,0,1,11,0,24,0,0,17,InitialAccess
0,-1,-1,-1,0,0,-1,0,-1,0,0,8,11,0,24,0,0,17,InitialAccess
0,-1,-1,-1,0,0,-1,0,-1,0,0,8,11,0,24,0,0,17,InitialAccess
0,-1,-1,-1,0,0,-1,0,-1,0,0,1,11,0,24,0,0,17,InitialAccess
0,-1,-1,-1,0,0,-1,0,-1,0,0,8,11,0,24,0,0,17,InitialAccess
0,-1,-1,-1,0,0,-1,0,-1,0,0,8,11,0,24,0,0,17,InitialAccess
0,-1,-1,-1,0,0,-1,0,-1,0,0,1,11,0,24,0,0,17,InitialAccess
0,-1,-1,-1,0,0,-1,0,-1,0,0,1,11,0,24,0,0,17,InitialAccess
0,-1,-1,-1,0,0,-1,0,-1,0,0,1,11,0,24,0,0,17,InitialAccess
0,-1,-1,-1,0,0,-1,0,-1,0,0,1,11,0,24,0,0,17,InitialAccess
0,-1,-1,-1,0,0,-1,0,-1,0,0,1,11,0,24,0,0,17,InitialAccess
0,-1,-1,-1,0,0,-1,0,-1,0,0,8,11,0,24,0,0,17,InitialAccess
0,-1,-1,-1,0,0,-1,0,-1,0,0,8,11,0,24,0,0,17,InitialAccess
0,-1,-1,-1,0,0,-1,0,-1,0,0,1,11,0,24,0,0,17,InitialAccess
0,-1,-1,-1,0,0,-1,0,-1,0,0,1,11,0,24,0,0,17,InitialAccess
0,-1,-1,-1,0,0,-1,0,-1,0,0,1,11,0,24,0,0,17,InitialAccess
0,-1,-1,-1,0,0,-1,0,-1,0,0,8,11,0,24,0,0,17,InitialAccess
0,-1,-1,-1,0,0,-1,0,-1,0,0,8,11,0,24,0,0,17,InitialAccess
0,-1,-1,-1,0,0,-1,0,-1,0,0,8,11,0,24,0,0,14,InitialAccess
0,-1,-1,-1,0,0,-1,0,-1,0,0,8,11,0,24,0,0,14,InitialAccess
0,-1,-1,-1,0,0,-1,0,-1,0,0,1,11,0,24,0,0,14,InitialAccess
0,-1,-1,-1,0,0,-1,0,-1,0,0,8,11,0,24,0,0,14,InitialAccess
0,-1,-1,-1,0,0,-1,0,-1,0,0,1,11,0,24,0,0,14,InitialAccess
0,-1,-1,-1,0,0,-1,0,-1,0,0,1,11,0,24,0,0,14,InitialAccess
0,-1,-1,-1,0,0,-1,0,-1,0,0,8,11,0,24,0,0,14,InitialAccess
0,-1,-1,-1,0,0,-1,0,-1,0,0,1,11,0,24,0,0,14,InitialAccess
0,-1,-1,-1,0,0,-1,0,-1,0,0,8,11,0,24,0,0,14,InitialAccess
0,-1,-1,-1,0,0,-1,0,-1,0,0,8,11,0,24,0,0,14,InitialAccess
0,-1,-1,-1,0,0,-1,0,-1,0,0,1,11,0,24,0,0,14,InitialAccess
0,-1,-1,-1,0,0,-1,0,-1,0,0,8,11,0,24,0,0,14,InitialAccess
0,-1,-1,-1,0,0,-1,0,-1,0,0,8,11,0,24,0,0,14,InitialAccess
0,-1,-1,-1,0,0,-1,0,-1,0,0,8,11,0,24,0,0,14,InitialAccess
0,-1,-1,-1,0,0,-1,0,-1,0,0,8,11,0,24,0,0,3,InitialAccess
0,-1,-1,-1,0,0,-1,0,-1,0,0,8,11,0,24,0,0,3,InitialAccess
0,-1,-1,-1,0,0,-1,0,-1,0,0,8,11,0,24,0,0,3,InitialAccess
0,-1,-1,-1,0,0,-1,0,-1,0,0,8,11,0,24,0,0,3,InitialAccess
0,-1,-1,-1,0,0,-1,0,-1,0,0,8,11,0,24,0,0,3,InitialAccess
0,-1,-1,-1,0,0,-1,0,-1,0,0,8,11,0,24,0,0,3,InitialAccess
0,-1,-1,-1,0,0,-1,0,-1,0,0,8,11,0,24,0,0,3,InitialAccess
0,-1,-1,-1,0,0,-1,0,-1,0,0,8,11,0,24,0,0,3,InitialAccess
0,-1,-1,-1,0,0,-1,0,-1,0,0,8,11,0,24,0,0,3,InitialAccess
1,-1,-1,-1,0,0,-1,0,-1,0,0,8,11,0,24,0,0,14,InitialAccess
0,-1,-1,-1,0,0,-1,0,-1,0,0,8,11,0,24,0,0,14,InitialAccess
0,-1,-1,-1,0,0,-1,0,-1,0,0,1,11,0,24,0,0,14,InitialAccess
0,-1,-1,-1,0,0,-1,0,-1,0,0,1,11,0,24,0,0,14,InitialAccess
0,-1,-1,-1,0,0,-1,0,-1,0,0,8,11,0,24,0,0,14,InitialAccess
0,-1,-1,-1,0,0,-1,0,-1,0,0,8,11,0,24,0,0,3,InitialAccess
0,-1,-1,-1,0,0,-1,0,-1,0,0,8,11,0,24,0,0,3,InitialAccess
0,-1,-1,-1,0,0,-1,0,-1,0,0,8,11,0,24,0,0,3,InitialAccess
0,-1,-1,-1,0,0,-1,0,-1,0,0,8,11,0,24,0,0,3,InitialAccess
0,-1,-1,-1,0,0,-1,0,-1,0,0,8,11,0,24,0,0,3,InitialAccess
0,-1,-1,-1,0,0,-1,0,-1,0,0,8,11,0,24,0,0,3,InitialAccess
0,-1,-1,-1,0,0,-1,0,-1,0,0,8,11,0,24,0,0,3,InitialAccess
0,-1,-1,-1,0,0,-1,0,-1,0,0,8,11,0,24,0,0,3,InitialAccess
0,-1,-1,-1,0,0,-1,0,-1,0,0,8,11,0,24,0,0,3,InitialAccess
0,-1,-1,-1,0,0,-1,0,-1,0,0,8,11,0,24,0,0,3,InitialAccess
0,-1,-1,-1,0,0,-1,0,-1,0,0,8,11,0,24,0,0,3,InitialAccess
0,-1,-1,-1,0,0,-1,0,-1,0,0,8,11,0,24,0,0,3,InitialAccess
0,-1,-1,-1,0,0,-1,0,-1,0,0,8,11,0,24,0,0,3,InitialAccess
0,-1,-1,-1,0,0,-1,0,-1,0,0,8,11,0,24,0,0,3,InitialAccess
0,-1,-1,-1,0,0,-1,0,-1,0,0,8,11,0,24,0,0,3,InitialAccess
1,-1,-1,-1,0,0,-1,0,-1,0,0,8,11,0,24,0,0,14,InitialAccess
0,-1,-1,-1,0,0,-1,0,-1,0,0,1,11,0,24,0,0,14,InitialAccess
0,-1,-1,-1,0,0,-1,0,-1,0,0,8,11,0,24,0,0,14,InitialAccess
0,-1,-1,-1,0,0,-1,0,-1,0,0,8,11,0,24,0,0,14,InitialAccess
0,-1,-1,-1,0,0,-1,0,-1,0,0,1,11,0,24,0,0,14,InitialAccess
0,-1,-1,-1,0,0,-1,0,-1,0,0,1,11,0,24,0,0,14,InitialAccess
0,-1,-1,-1,0,0,-1,0,-1,0,0,8,11,0,24,0,0,14,InitialAccess
0,-1,-1,-1,0,0,-1,0,-1,0,0,11,1,0,9,0,0,14,InitialAccess
1,-1,-1,-1,0,0,-1,0,-1,0,0,8,11,0,24,0,0,14,InitialAccess
0,-1,-1,-1,0,0,-1,0,-1,0,0,1,11,0,24,0,0,14,InitialAccess
0,-1,-1,-1,0,0,-1,0,-1,0,0,1,11,0,24,0,0,14,InitialAccess
0,-1,-1,-1,0,0,-1,0,-1,0,0,8,11,0,24,0,0,14,InitialAccess
0,-1,-1,-1,0,0,-1,0,-1,0,0,1,11,0,24,0,0,14,InitialAccess
0,-1,-1,-1,0,0,-1,0,-1,0,0,8,11,0,24,0,0,14,InitialAccess
0,-1,-1,-1,0,0,-1,0,-1,0,0,8,11,0,24,0,0,14,InitialAccess
0,-1,-1,-1,0,0,-1,0,-1,0,0,1,11,0,24,0,0,14,InitialAccess
1,-1,-1,-1,0,0,-1,0,-1,0,0,8,11,0,24,0,0,3,InitialAccess
1,-1,-1,-1,0,0,-1,0,-1,0,0,8,11,0,24,0,0,3,InitialAccess
1,-1,-1,-1,0,0,-1,0,-1,0,0,8,11,0,24,0,0,3,InitialAccess
1,-1,-1,-1,0,0,-1,0,-1,0,0,8,11,0,24,0,0,3,InitialAccess
1,-1,-1,-1,0,0,-1,0,-1,0,0,8,11,0,24,0,0,3,InitialAccess
1,-1,-1,-1,0,0,-1,0,-1,0,0,8,11,0,24,0,0,3,InitialAccess
1,-1,-1,-1,0,0,-1,0,-1,0,0,8,11,0,24,0,0,3,InitialAccess
1,-1,-1,-1,0,0,-1,0,-1,0,0,8,11,0,24,0,0,3,InitialAccess
0,-1,-1,-1,0,0,-1,0,-1,0,0,8,11,0,24,0,0,14,InitialAccess
0,-1,-1,-1,0,0,-1,0,-1,0,0,1,11,0,24,0,0,14,InitialAccess
0,-1,-1,-1,0,0,-1,0,-1,0,0,1,11,0,24,0,0,14,InitialAccess
0,-1,-1,-1,0,0,-1,0,-1,0,0,8,11,0,24,0,0,14,InitialAccess
0,-1,-1,-1,0,0,-1,0,-1,0,0,1,11,0,24,0,0,14,InitialAccess
0,-1,-1,-1,0,0,-1,0,-1,0,0,8,11,0,24,0,0,14,InitialAccess
0,-1,-1,-1,0,0,-1,0,-1,0,0,8,11,0,24,0,0,14,InitialAccess
0,-1,-1,-1,0,0,-1,0,-1,0,0,1,11,0,24,0,0,14,InitialAccess
0,-1,-1,-1,0,0,-1,0,-1,0,0,1,11,0,24,0,0,14,InitialAccess
0,-1,-1,-1,0,0,-1,0,-1,0,0,1,11,0,24,0,0,14,InitialAccess
0,-1,-1,-1,0,0,-1,0,-1,0,0,1,11,0,24,0,0,14,InitialAccess
0,-1,-1,-1,0,0,-1,0,-1,0,0,13,29,0,14,0,0,14,InitialAccess
0,-1,-1,-1,0,0,-1,0,-1,0,0,1,11,0,24,0,0,14,InitialAccess
0,-1,-1,-1,0,0,-1,0,-1,0,0,1,11,0,24,0,0,14,InitialAccess
1,-1,-1,-1,0,0,-1,0,-1,0,0,8,11,0,24,0,0,14,InitialAccess
1,-1,-1,-1,0,0,-1,0,-1,0,0,8,11,0,24,0,0,14,InitialAccess
0,-1,-1,-1,0,0,-1,0,-1,0,0,8,11,0,24,0,0,14,InitialAccess
0,-1,-1,-1,0,0,-1,0,-1,0,0,8,11,0,24,0,0,14,InitialAccess
0,-1,-1,-1,0,0,-1,0,-1,0,0,13,28,0,17,0,0,4,InitialAccess
0,-1,-1,-1,0,0,-1,0,-1,0,0,13,28,0,17,0,0,4,InitialAccess
0,-1,-1,-1,0,0,-1,0,-1,0,0,7,10,0,21,0,0,4,InitialAccess
0,-1,-1,-1,0,0,-1,0,-1,0,0,1,11,0,24,0,0,4,InitialAccess
0,-1,-1,-1,0,0,-1,0,-1,0,0,1,11,0,24,0,0,4,InitialAccess
0,-1,-1,-1,0,0,-1,0,-1,0,0,8,11,0,24,0,0,4,InitialAccess
0,-1,-1,-1,0,0,-1,0,-1,0,0,8,11,0,24,0,0,4,InitialAccess
0,-1,-1,-1,0,0,-1,0,-1,0,0,4,23,0,6,0,0,14,InitialAccess
0,-1,-1,-1,0,0,-1,0,-1,0,0,8,11,0,24,0,0,14,InitialAccess
0,-1,-1,-1,0,0,-1,0,-1,0,0,1,11,0,24,0,0,14,InitialAccess
0,-1,-1,-1,0,0,-1,0,-1,0,0,8,11,0,24,0,0,14,InitialAccess
0,-1,-1,-1,0,0,-1,0,-1,0,0,1,11,0,24,0,0,14,InitialAccess
0,-1,-1,-1,0,0,-1,0,-1,0,0,11,1,0,9,0,0,14,InitialAccess
0,-1,-1,-1,0,0,-1,0,-1,0,0,18,32,0,5,0,0,14,InitialAccess
0,-1,-1,-1,0,0,-1,0,-1,0,0,8,11,0,24,0,0,3,InitialAccess
0,-1,-1,-1,0,0,-1,0,-1,0,0,8,11,0,24,0,0,3,InitialAccess
0,-1,-1,-1,0,0,-1,0,-1,0,0,8,11,0,24,0,0,3,InitialAccess
0,-1,-1,-1,0,0,-1,0,-1,0,0,8,11,0,24,0,0,3,InitialAccess
0,-1,-1,-1,0,0,-1,0,-1,0,0,8,11,0,24,0,0,3,InitialAccess
0,-1,-1,-1,0,0,-1,0,-1,0,0,8,11,0,24,0,0,3,InitialAccess
0,-1,-1,-1,0,0,-1,0,-1,0,0,8,11,0,24,0,0,3,InitialAccess
0,-1,-1,-1,0,0,-1,0,-1,0,0,8,11,0,24,0,0,3,InitialAccess
0,-1,-1,-1,0,0,-1,0,-1,0,0,8,11,0,24,0,0,3,InitialAccess
0,-1,-1,-1,0,0,-1,0,-1,0,0,8,11,0,24,0,0,3,InitialAccess
0,-1,-1,-1,0,0,-1,0,-1,0,0,1,11,0,24,0,0,3,InitialAccess
0,-1,-1,-1,0,0,-1,0,-1,0,0,8,11,0,24,0,0,3,InitialAccess
0,-1,-1,-1,0,0,-1,0,-1,0,0,8,11,0,24,0,0,3,InitialAccess
0,-1,-1,-1,0,0,-1,0,-1,0,0,8,11,0,24,0,0,3,InitialAccess
0,-1,-1,-1,0,0,-1,0,-1,0,0,1,11,0,24,0,0,3,InitialAccess
0,-1,-1,-1,0,0,-1,0,-1,0,0,8,11,0,24,0,0,3,InitialAccess
0,-1,-1,-1,0,0,-1,0,-1,0,0,8,11,0,24,0,0,3,InitialAccess
0,-1,-1,-1,0,0,-1,0,-1,0,0,8,11,0,24,0,0,3,InitialAccess
0,-1,-1,-1,0,0,-1,0,-1,0,0,8,11,0,24,0,0,3,InitialAccess
0,-1,-1,-1,0,0,-1,0,-1,0,0,8,11,0,24,0,0,3,InitialAccess
0,-1,-1,-1,0,0,-1,0,-1,0,0,8,11,0,24,0,0,3,InitialAccess
0,-1,-1,-1,0,0,-1,0,-1,0,0,8,11,0,24,0,0,3,InitialAccess
0,-1,-1,-1,0,0,-1,0,-1,0,0,8,11,0,24,0,0,3,InitialAccess
0,-1,-1,-1,0,0,-1,0,-1,0,0,8,11,0,24,0,0,3,InitialAccess
0,-1,-1,-1,0,0,-1,0,-1,0,0,8,11,0,24,0,0,3,InitialAccess
0,-1,-1,-1,0,0,-1,0,-1,0,0,8,2,0,24,0,0,3,InitialAccess
0,-1,-1,-1,0,0,-1,0,-1,0,0,8,11,0,24,0,0,3,InitialAccess
0,-1,-1,-1,0,0,-1,0,-1,0,0,8,11,0,24,0,0,3,InitialAccess
0,-1,-1,-1,0,0,-1,0,-1,0,0,8,11,0,24,0,0,3,InitialAccess
0,-1,-1,-1,0,0,-1,0,-1,0,0,8,11,0,24,0,0,3,InitialAccess
0,-1,-1,-1,0,0,-1,0,-1,0,0,8,11,0,24,0,0,3,InitialAccess
0,-1,-1,-1,0,0,-1,0,-1,0,0,8,11,0,24,0,0,3,InitialAccess
0,-1,-1,-1,0,0,-1,0,-1,0,0,8,11,0,24,0,0,4,InitialAccess
0,-1,-1,-1,0,0,-1,0,-1,0,0,8,11,0,24,0,0,4,InitialAccess
0,-1,-1,-1,0,0,-1,0,-1,0,0,8,11,1,24,0,0,4,InitialAccess
0,-1,-1,-1,0,0,-1,0,-1,0,0,8,11,0,24,0,0,4,InitialAccess
0,-1,-1,-1,0,0,-1,0,-1,0,0,8,11,0,24,0,0,4,InitialAccess
1,-1,-1,-1,0,0,-1,0,-1,0,0,8,11,0,24,0,0,4,InitialAccess
1,-1,-1,-1,0,0,-1,0,-1,0,0,8,11,0,24,0,0,4,InitialAccess
1,-1,-1,-1,0,0,-1,0,-1,0,0,8,11,0,24,0,0,4,InitialAccess
1,-1,-1,-1,0,0,-1,0,-1,0,0,8,11,0,24,0,0,4,InitialAccess
0,-1,-1,-1,0,0,-1,0,-1,0,0,8,11,0,24,0,0,4,InitialAccess
0,-1,-1,-1,0,0,-1,0,-1,0,0,8,11,0,24,0,0,4,InitialAccess
0,-1,-1,-1,0,0,-1,0,-1,0,0,8,11,0,24,0,0,4,InitialAccess
0,-1,-1,-1,0,0,-1,0,-1,0,0,8,11,1,24,0,0,4,InitialAccess
0,-1,-1,-1,0,0,-1,0,-1,0,0,8,11,0,24,0,0,4,InitialAccess
0,-1,-1,-1,0,0,-1,0,-1,0,0,8,11,0,24,0,0,4,InitialAccess
0,-1,-1,-1,0,0,-1,0,-1,0,0,8,11,0,24,0,0,4,InitialAccess
0,-1,-1,-1,0,0,-1,0,-1,0,0,8,11,0,24,0,0,4,InitialAccess
0,-1,-1,-1,0,0,-1,0,-1,0,0,13,28,0,17,0,0,4,InitialAccess
0,-1,-1,-1,0,0,-1,0,-1,0,0,8,11,0,24,0,0,4,InitialAccess
0,-1,-1,-1,0,0,-1,0,-1,0,0,8,11,0,24,0,0,4,InitialAccess
1,-1,-1,-1,0,0,-1,0,-1,0,0,8,11,0,24,0,0,4,InitialAccess
1,-1,-1,-1,0,0,-1,0,-1,0,0,8,11,0,24,0,0,4,InitialAccess
1,-1,-1,-1,0,0,-1,0,-1,0,0,8,11,0,24,0,0,4,InitialAccess
1,-1,-1,-1,0,0,-1,0,-1,0,0,8,11,0,24,0,0,4,InitialAccess
1,-1,-1,-1,0,0,-1,0,-1,0,0,8,11,0,24,0,0,4,InitialAccess
1,-1,-1,-1,0,0,-1,0,-1,0,0,8,11,0,24,0,0,4,InitialAccess
0,-1,-1,-1,0,0,-1,0,-1,0,0,1,11,0,24,0,0,4,InitialAccess
0,-1,-1,-1,0,0,-1,0,-1,0,0,8,11,0,24,0,0,4,InitialAccess
0,-1,-1,-1,0,0,-1,0,-1,0,0,8,11,0,24,0,0,4,InitialAccess
0,-1,-1,-1,0,0,-1,0,-1,0,0,8,11,0,24,0,0,4,InitialAccess
0,-1,-1,-1,0,0,-1,0,-1,0,0,8,11,0,24,0,0,4,InitialAccess
0,-1,-1,-1,0,0,-1,0,-1,0,0,8,11,0,24,0,0,4,InitialAccess
0,-1,-1,-1,0,0,-1,0,-1,0,0,8,11,0,24,0,0,4,InitialAccess
0,-1,-1,-1,0,0,-1,0,-1,0,0,8,11,0,24,0,0,4,InitialAccess
0,-1,-1,-1,0,0,-1,0,-1,0,0,8,11,0,24,0,0,4,InitialAccess
1,-1,-1,-1,0,0,-1,0,-1,0,0,8,11,0,24,0,0,4,InitialAccess
0,-1,-1,-1,0,0,-1,0,-1,0,0,1,11,0,24,0,0,4,InitialAccess
0,-1,-1,-1,0,0,-1,0,-1,0,0,13,29,0,14,0,0,4,InitialAccess
0,-1,-1,-1,0,0,-1,0,-1,0,0,8,11,1,24,0,0,4,InitialAccess
0,-1,-1,-1,0,0,-1,0,-1,0,0,8,11,1,24,0,0,4,InitialAccess
0,-1,-1,-1,0,0,-1,0,-1,0,0,8,11,1,24,0,0,4,InitialAccess
0,-1,-1,-1,0,0,-1,0,-1,0,0,8,11,0,24,0,0,4,InitialAccess
0,-1,-1,-1,0,0,-1,0,-1,0,0,8,11,0,24,0,0,4,InitialAccess
1,-1,-1,-1,0,0,-1,0,-1,0,0,8,11,0,24,0,0,4,InitialAccess
1,-1,-1,-1,0,0,-1,0,-1,0,0,8,11,0,24,0,0,4,InitialAccess
1,-1,-1,-1,0,0,-1,0,-1,0,0,8,11,0,24,0,0,4,InitialAccess
1,-1,-1,-1,0,0,-1,0,-1,0,0,8,11,0,24,0,0,4,InitialAccess
1,-1,-1,-1,0,0,-1,0,-1,0,0,8,11,0,24,0,0,4,InitialAccess
1,-1,-1,-1,0,0,-1,0,-1,0,0,8,11,0,24,0,0,4,InitialAccess
1,-1,-1,-1,0,0,-1,0,-1,0,0,8,11,0,24,0,0,4,InitialAccess
1,-1,-1,-1,0,0,-1,0,-1,0,0,8,11,0,24,0,0,4,InitialAccess
1,-1,-1,-1,0,0,-1,0,-1,0,0,8,11,0,24,0,0,4,InitialAccess
1,-1,-1,-1,0,0,-1,0,-1,0,0,8,11,0,24,0,0,4,InitialAccess
1,-1,-1,-1,0,0,-1,0,-1,0,0,8,11,0,24,0,0,4,InitialAccess
1,-1,-1,-1,0,0,-1,0,-1,0,0,8,11,0,24,0,0,4,InitialAccess
1,-1,-1,-1,0,0,-1,0,-1,0,0,8,11,0,24,0,0,4,InitialAccess
1,-1,-1,-1,0,0,-1,0,-1,0,0,8,11,0,24,0,0,4,InitialAccess
1,-1,-1,-1,0,0,-1,0,-1,0,0,8,11,0,24,0,0,4,InitialAccess
1,-1,-1,-1,0,0,-1,0,-1,0,0,8,11,0,24,0,0,4,InitialAccess
1,-1,-1,-1,0,0,-1,0,-1,0,0,8,11,0,24,0,0,4,InitialAccess
1,-1,-1,-1,0,0,-1,0,-1,0,0,8,11,0,24,0,0,4,InitialAccess
1,-1,-1,-1,0,0,-1,0,-1,0,0,8,11,0,24,0,0,4,InitialAccess
1,-1,-1,-1,0,0,-1,0,-1,0,0,8,11,0,24,0,0,4,InitialAccess
1,-1,-1,-1,0,0,-1,0,-1,0,0,8,11,0,24,0,0,4,InitialAccess
1,-1,-1,-1,0,0,-1,0,-1,0,0,8,11,0,24,0,0,4,InitialAccess
1,-1,-1,-1,0,0,-1,0,-1,0,0,8,11,0,24,0,0,4,InitialAccess
1,-1,-1,-1,0,0,-1,0,-1,0,0,8,11,0,24,0,0,4,InitialAccess
1,-1,-1,-1,0,0,-1,0,-1,0,0,8,11,0,24,0,0,4,InitialAccess
1,-1,-1,-1,0,0,-1,0,-1,0,0,8,11,0,24,0,0,4,InitialAccess
1,-1,-1,-1,0,0,-1,0,-1,0,0,8,11,0,24,0,0,4,InitialAccess
1,-1,-1,-1,0,0,-1,0,-1,0,0,8,11,0,24,0,0,4,InitialAccess
1,-1,-1,-1,0,0,-1,0,-1,0,0,8,11,0,24,0,0,4,InitialAccess
1,-1,-1,-1,0,0,-1,0,-1,0,0,8,11,0,24,0,0,4,InitialAccess
1,-1,-1,-1,0,0,-1,0,-1,0,0,8,11,0,24,0,0,4,InitialAccess
1,-1,-1,-1,0,0,-1,0,-1,0,0,8,11,0,24,0,0,4,InitialAccess
0,-1,-1,-1,0,0,-1,0,-1,0,0,1,11,0,24,0,0,4,InitialAccess
0,-1,-1,-1,0,0,-1,0,-1,0,0,8,11,0,24,0,0,4,InitialAccess
0,-1,-1,-1,0,0,-1,0,-1,0,0,1,11,0,24,0,0,4,InitialAccess
0,-1,-1,-1,0,0,-1,0,-1,0,0,8,11,0,24,0,0,4,InitialAccess
1,-1,-1,-1,0,0,-1,0,-1,0,0,8,11,0,24,0,0,4,InitialAccess
1,-1,-1,-1,0,0,-1,0,-1,0,0,8,11,0,24,0,0,4,InitialAccess
0,-1,-1,-1,0,0,-1,0,-1,0,0,8,11,0,24,0,0,4,InitialAccess
0,-1,-1,-1,0,0,-1,0,-1,0,0,8,11,0,24,0,0,4,InitialAccess
0,-1,-1,-1,0,0,-1,0,-1,0,0,8,11,0,24,0,0,4,InitialAccess
0,-1,-1,-1,0,0,-1,0,-1,0,0,8,11,0,24,0,0,4,InitialAccess
1,-1,-1,-1,0,0,-1,0,-1,0,0,8,11,0,24,0,0,4,InitialAccess
1,-1,-1,-1,0,0,-1,0,-1,0,0,8,11,0,24,0,0,4,InitialAccess
1,-1,-1,-1,0,0,-1,0,-1,0,0,8,11,0,24,0,0,4,InitialAccess
1,-1,-1,-1,0,0,-1,0,-1,0,0,8,11,0,24,0,0,4,InitialAccess
1,-1,-1,-1,0,0,-1,0,-1,0,0,8,11,0,24,0,0,4,InitialAccess
1,-1,-1,-1,0,0,-1,0,-1,0,0,8,11,0,24,0,0,4,InitialAccess
1,-1,-1,-1,0,0,-1,0,-1,0,0,8,11,0,24,0,0,4,InitialAccess
1,-1,-1,-1,0,0,-1,0,-1,0,0,8,11,0,24,0,0,4,InitialAccess
1,-1,-1,-1,0,0,-1,0,-1,0,0,8,11,0,24,0,0,4,InitialAccess
1,-1,-1,-1,0,0,-1,0,-1,0,0,8,11,0,24,0,0,4,InitialAccess
0,-1,-1,-1,0,0,-1,0,-1,0,0,13,30,0,28,0,0,4,InitialAccess
0,-1,-1,-1,0,0,-1,0,-1,0,0,8,11,0,24,0,0,4,InitialAccess
0,-1,-1,-1,0,0,-1,0,-1,0,0,8,11,0,24,0,0,4,InitialAccess
0,-1,-1,-1,0,0,-1,0,-1,0,0,8,11,0,24,0,0,4,InitialAccess
1,-1,-1,-1,0,0,-1,0,-1,0,0,8,11,0,24,0,0,4,InitialAccess
1,-1,-1,-1,0,0,-1,0,-1,0,0,8,11,0,24,0,0,4,InitialAccess
1,-1,-1,-1,0,0,-1,0,-1,0,0,8,11,0,24,0,0,4,InitialAccess
1,-1,-1,-1,0,0,-1,0,-1,0,0,8,11,0,24,0,0,4,InitialAccess
1,-1,-1,-1,0,0,-1,0,-1,0,0,8,11,0,24,0,0,4,InitialAccess
1,-1,-1,-1,0,0,-1,0,-1,0,0,8,11,0,24,0,0,4,InitialAccess
1,-1,-1,-1,0,0,-1,0,-1,0,0,8,11,0,24,0,0,4,InitialAccess
1,-1,-1,-1,0,0,-1,0,-1,0,0,8,11,0,24,0,0,4,InitialAccess
1,-1,-1,-1,0,0,-1,0,-1,0,0,8,11,0,24,0,0,4,InitialAccess
1,-1,-1,-1,0,0,-1,0,-1,0,0,8,11,0,24,0,0,4,InitialAccess
0,-1,-1,-1,0,0,-1,0,-1,0,0,8,11,0,24,0,0,6,InitialAccess
0,-1,-1,-1,0,0,-1,0,-1,0,0,8,11,0,24,0,0,6,InitialAccess
0,-1,-1,-1,0,0,-1,0,-1,0,0,8,11,0,24,0,0,6,InitialAccess
0,-1,-1,-1,0,0,-1,0,-1,0,0,8,11,0,24,0,0,6,InitialAccess
0,-1,-1,-1,0,0,-1,0,-1,0,0,1,27,0,26,0,0,6,InitialAccess
1,-1,-1,-1,0,0,-1,0,-1,0,0,8,11,0,24,0,0,5,InitialAccess
1,-1,-1,-1,0,0,-1,0,-1,0,0,8,11,0,24,0,0,5,InitialAccess
1,-1,-1,-1,0,0,-1,0,-1,0,0,8,11,0,24,0,0,5,InitialAccess
1,-1,-1,-1,0,0,-1,0,-1,0,0,8,11,0,24,0,0,5,InitialAccess
1,-1,-1,-1,0,0,-1,0,-1,0,0,8,11,0,24,0,0,5,InitialAccess
1,-1,-1,-1,0,0,-1,0,-1,0,0,8,11,0,24,0,0,5,InitialAccess
1,-1,-1,-1,0,0,-1,0,-1,0,0,8,11,0,24,0,0,5,InitialAccess
1,-1,-1,-1,0,0,-1,0,-1,0,0,8,11,0,24,0,0,5,InitialAccess
1,-1,-1,-1,0,0,-1,0,-1,0,0,8,11,0,24,0,0,5,InitialAccess
1,-1,-1,-1,0,0,-1,0,-1,0,0,8,11,0,24,0,0,5,InitialAccess
1,-1,-1,-1,0,0,-1,0,-1,0,0,8,11,0,24,0,0,5,InitialAccess
1,-1,-1,-1,0,0,-1,0,-1,0,0,8,11,0,24,0,0,5,InitialAccess
1,-1,-1,-1,0,0,-1,0,-1,0,0,8,11,0,24,0,0,23,InitialAccess
0,-1,-1,-1,0,0,-1,0,-1,0,0,14,29,0,14,0,0,23,InitialAccess
0,-1,-1,-1,0,0,-1,0,-1,0,0,8,11,0,24,0,0,23,InitialAccess
0,-1,-1,-1,0,0,-1,0,-1,0,0,8,11,0,24,0,0,23,InitialAccess
0,-1,-1,-1,0,0,-1,0,-1,0,0,8,11,0,24,0,0,23,InitialAccess
0,-1,-1,-1,0,0,-1,0,-1,0,0,8,11,0,24,0,0,23,InitialAccess
0,-1,-1,-1,0,0,-1,0,-1,0,0,8,11,0,24,0,0,23,InitialAccess
0,-1,-1,-1,0,0,-1,0,-1,0,0,8,11,0,24,0,0,23,InitialAccess
0,-1,-1,-1,0,0,-1,0,-1,0,0,8,11,0,24,0,0,23,InitialAccess
0,-1,-1,-1,0,0,-1,0,-1,0,0,8,11,0,24,0,0,23,InitialAccess
1,-1,-1,-1,0,0,-1,0,-1,0,0,8,11,0,24,0,0,23,InitialAccess
0,-1,-1,-1,0,0,-1,0,-1,0,0,8,11,0,24,0,0,0,InitialAccess
0,-1,-1,-1,0,0,-1,0,-1,0,0,8,11,0,24,0,0,23,InitialAccess
0,-1,-1,-1,0,0,-1,0,-1,0,0,8,11,0,24,0,0,0,InitialAccess
0,-1,-1,-1,0,0,-1,0,-1,0,0,1,27,0,26,0,0,0,InitialAccess
0,-1,-1,-1,0,0,-1,0,-1,0,0,8,11,0,24,0,0,0,InitialAccess
0,-1,-1,-1,0,0,-1,0,-1,0,0,8,11,0,24,0,0,0,InitialAccess
0,-1,-1,-1,0,0,-1,0,-1,0,0,14,29,0,14,0,0,0,InitialAccess
0,-1,-1,-1,0,0,-1,0,-1,0,0,8,11,0,24,0,0,0,InitialAccess
0,-1,-1,-1,0,0,-1,0,-1,0,0,8,11,0,24,0,0,0,InitialAccess
0,-1,-1,-1,0,0,-1,0,-1,0,0,8,11,0,24,0,0,0,InitialAccess
0,-1,-1,-1,0,0,-1,0,-1,0,0,7,10,0,21,0,0,0,InitialAccess
0,-1,-1,-1,0,0,-1,0,-1,0,0,8,11,0,24,0,0,0,InitialAccess
1,-1,-1,-1,0,0,-1,0,-1,0,0,8,11,0,24,0,0,0,InitialAccess
0,-1,-1,-1,0,0,-1,0,-1,0,0,8,11,0,24,0,0,0,InitialAccess
0,-1,-1,-1,0,0,-1,0,-1,0,0,8,11,0,24,0,0,0,InitialAccess
0,-1,-1,-1,0,0,-1,0,-1,0,0,8,11,0,24,0,0,0,InitialAccess
1,-1,-1,-1,0,0,-1,0,-1,0,0,8,11,0,24,0,0,0,InitialAccess
0,-1,-1,-1,0,0,-1,0,-1,0,0,8,11,0,24,0,0,0,InitialAccess
0,-1,-1,-1,0,0,-1,0,-1,0,0,4,23,0,6,0,0,0,InitialAccess
0,-1,-1,-1,0,0,-1,0,-1,0,0,8,11,0,24,0,0,0,InitialAccess
0,-1,-1,-1,0,0,-1,0,-1,0,0,8,11,0,24,0,0,0,InitialAccess
1,-1,-1,-1,0,0,-1,0,-1,0,0,8,11,0,24,0,0,0,InitialAccess
1,-1,-1,-1,0,0,-1,0,-1,0,0,8,11,0,24,0,0,0,InitialAccess
0,-1,-1,-1,0,0,-1,0,-1,0,0,8,11,0,24,0,0,0,InitialAccess
0,-1,-1,-1,0,0,-1,0,-1,0,0,8,11,0,24,0,0,0,InitialAccess
0,-1,-1,-1,0,0,-1,0,-1,0,0,8,11,0,24,0,0,23,InitialAccess
0,-1,-1,-1,0,0,-1,0,-1,0,0,8,11,0,24,0,0,23,InitialAccess
0,-1,-1,-1,0,0,-1,0,-1,0,0,8,11,0,24,0,0,23,InitialAccess
0,-1,-1,-1,0,0,-1,0,-1,0,0,8,11,0,24,0,0,23,InitialAccess
0,-1,-1,-1,0,0,-1,0,-1,0,0,8,11,0,24,0,0,23,InitialAccess
0,-1,-1,-1,0,0,-1,0,-1,0,0,8,11,0,24,0,0,23,InitialAccess
0,-1,-1,-1,0,0,-1,0,-1,0,0,5,6,0,8,0,0,23,InitialAccess
0,-1,-1,-1,0,0,-1,0,-1,0,0,8,11,0,24,0,0,23,InitialAccess
0,-1,-1,-1,0,0,-1,0,-1,0,0,8,11,0,24,0,0,23,InitialAccess
0,-1,-1,-1,0,0,-1,0,-1,0,0,5,6,0,8,0,0,23,InitialAccess
0,-1,-1,-1,0,0,-1,0,-1,0,0,8,11,0,24,0,0,23,InitialAccess
0,-1,-1,-1,0,0,-1,0,-1,0,0,8,11,0,24,0,0,23,InitialAccess
0,-1,-1,-1,0,0,-1,0,-1,0,0,8,11,0,24,0,0,23,InitialAccess
0,-1,-1,-1,0,0,-1,0,-1,0,0,8,11,0,24,0,0,23,InitialAccess
0,-1,-1,-1,0,0,-1,0,-1,0,0,8,11,0,24,0,0,23,InitialAccess
0,-1,-1,-1,0,0,-1,0,-1,0,0,8,11,0,24,0,0,23,InitialAccess
0,-1,-1,-1,0,0,-1,0,-1,0,0,8,11,0,24,0,0,23,InitialAccess
0,-1,-1,-1,0,0,-1,0,-1,0,0,8,11,0,24,0,0,23,InitialAccess
0,-1,-1,-1,0,0,-1,0,-1,0,0,8,11,0,24,0,0,23,InitialAccess
0,-1,-1,-1,0,0,-1,0,-1,0,0,8,11,0,24,0,0,23,InitialAccess
0,-1,-1,-1,0,0,-1,0,-1,0,0,8,11,0,24,0,0,23,InitialAccess
0,-1,-1,-1,0,0,-1,0,-1,0,0,8,11,0,24,0,0,23,InitialAccess
0,-1,-1,-1,0,0,-1,0,-1,0,0,8,11,0,24,0,0,23,InitialAccess
0,-1,-1,-1,0,0,-1,0,-1,0,0,8,11,0,24,0,0,23,InitialAccess
0,-1,-1,-1,0,0,-1,0,-1,0,0,8,11,0,24,0,0,23,InitialAccess
0,-1,-1,-1,0,0,-1,0,-1,0,0,8,11,0,24,0,0,23,InitialAccess
0,-1,-1,-1,0,0,-1,0,-1,0,0,8,11,0,24,0,0,23,InitialAccess
0,-1,-1,-1,0,0,-1,0,-1,0,0,12,1,0,9,0,0,23,InitialAccess
0,-1,-1,-1,0,0,-1,0,-1,0,0,4,23,0,6,0,0,23,InitialAccess
0,-1,-1,-1,0,0,-1,0,-1,0,0,8,11,0,24,0,0,23,InitialAccess
0,-1,-1,-1,0,0,-1,0,-1,0,0,8,11,0,24,0,0,23,InitialAccess
0,-1,-1,-1,0,0,-1,0,-1,0,0,8,11,0,24,0,0,23,InitialAccess
0,-1,-1,-1,0,0,-1,0,-1,0,0,8,11,0,24,0,0,23,InitialAccess
0,-1,-1,-1,0,0,-1,0,-1,0,0,7,24,0,7,0,0,23,InitialAccess
0,-1,-1,-1,0,0,-1,0,-1,0,0,8,11,0,24,0,0,23,InitialAccess
0,-1,-1,-1,0,0,-1,0,-1,0,0,8,11,0,24,0,0,23,InitialAccess
0,-1,-1,-1,0,0,-1,0,-1,0,0,7,24,0,7,0,0,23,InitialAccess
1,-1,-1,-1,0,0,-1,0,-1,0,0,8,11,0,24,0,0,23,InitialAccess
1,-1,-1,-1,0,0,-1,0,-1,0,0,8,11,0,24,0,0,23,InitialAccess
1,-1,-1,-1,0,0,-1,0,-1,0,0,8,11,0,24,0,0,23,InitialAccess
1,-1,-1,-1,0,0,-1,0,-1,0,0,8,11,0,24,0,0,23,InitialAccess
0,-1,-1,-1,0,0,-1,0,-1,0,0,8,11,0,24,0,0,23,InitialAccess
0,-1,-1,-1,0,0,-1,0,-1,0,0,8,11,0,24,0,0,23,InitialAccess
0,-1,-1,-1,0,0,-1,0,-1,0,0,4,23,0,6,0,0,23,InitialAccess
0,-1,-1,-1,0,0,-1,0,-1,0,0,14,29,0,14,0,0,23,InitialAccess
0,-1,-1,-1,0,0,-1,0,-1,0,0,8,11,0,24,0,0,23,InitialAccess
1,-1,-1,-1,0,0,-1,0,-1,0,0,8,11,0,24,0,0,23,InitialAccess
1,-1,-1,-1,0,0,-1,0,-1,0,0,8,11,0,24,0,0,23,InitialAccess
1,-1,-1,-1,0,0,-1,0,-1,0,0,8,11,0,24,0,0,23,InitialAccess
0,-1,-1,-1,0,0,-1,0,-1,0,0,8,11,0,24,0,0,23,InitialAccess
1,-1,-1,-1,0,0,-1,0,-1,0,0,8,11,0,24,0,0,23,InitialAccess
0,-1,-1,-1,0,0,-1,0,-1,0,0,8,11,0,24,0,0,23,InitialAccess
0,-1,-1,-1,0,0,-1,0,-1,0,0,8,11,0,24,0,0,23,InitialAccess
0,-1,-1,-1,0,0,-1,0,-1,0,0,8,11,2,24,0,0,23,InitialAccess
0,-1,-1,-1,0,0,-1,0,-1,0,0,8,11,0,24,0,0,23,InitialAccess
0,-1,-1,-1,0,0,-1,0,-1,0,0,8,14,0,22,0,0,23,InitialAccess
0,-1,-1,-1,0,0,-1,0,-1,0,0,8,11,0,24,0,0,23,InitialAccess
0,-1,-1,-1,0,0,-1,0,-1,0,0,8,11,0,24,0,0,23,InitialAccess
0,-1,-1,-1,0,0,-1,0,-1,0,0,7,24,0,7,0,0,23,InitialAccess
0,-1,-1,-1,0,0,-1,0,-1,0,0,8,11,0,24,0,0,23,InitialAccess
0,-1,-1,-1,0,0,-1,0,-1,0,0,8,11,0,24,0,0,23,InitialAccess
0,-1,-1,-1,0,0,-1,0,-1,0,0,7,12,0,1,0,0,23,InitialAccess
0,-1,-1,-1,0,0,-1,0,-1,0,0,9,9,0,27,0,0,23,InitialAccess
0,-1,-1,-1,0,0,-1,0,-1,0,0,8,11,0,24,0,0,23,InitialAccess
0,-1,-1,-1,0,0,-1,0,-1,0,0,8,11,0,24,0,0,23,InitialAccess
0,-1,-1,-1,0,0,-1,0,-1,0,0,8,14,0,22,0,0,23,InitialAccess
0,-1,-1,-1,0,0,-1,0,-1,0,0,8,11,0,24,0,0,23,InitialAccess
0,-1,-1,-1,0,0,-1,0,-1,0,0,8,11,0,24,0,0,23,InitialAccess
0,-1,-1,-1,0,0,-1,0,-1,0,0,8,14,0,22,0,0,23,InitialAccess
0,-1,-1,-1,0,0,-1,0,-1,0,0,8,11,0,24,0,0,23,InitialAccess
0,-1,-1,-1,0,0,-1,0,-1,0,0,3,17,0,16,0,0,23,InitialAccess
0,-1,-1,-1,0,0,-1,0,-1,0,0,1,15,0,15,0,0,23,InitialAccess
0,-1,-1,-1,0,0,-1,0,-1,0,0,8,11,0,24,0,0,23,InitialAccess
0,-1,-1,-1,0,0,-1,0,-1,0,0,8,11,0,24,0,0,23,InitialAccess
0,-1,-1,-1,0,0,-1,0,-1,0,0,8,11,0,24,0,0,0,InitialAccess
0,-1,-1,-1,0,0,-1,0,-1,0,0,8,11,0,24,0,0,0,InitialAccess
0,-1,-1,-1,0,0,-1,0,-1,0,0,8,11,0,24,0,0,0,InitialAccess
0,-1,-1,-1,0,0,-1,0,-1,0,0,8,11,0,24,0,0,0,InitialAccess
0,-1,-1,-1,0,0,-1,0,-1,0,0,8,11,0,24,0,0,0,InitialAccess
0,-1,-1,-1,0,0,-1,0,-1,0,0,8,11,0,24,0,0,0,InitialAccess
0,-1,-1,-1,0,0,-1,0,-1,0,0,8,11,0,24,0,0,0,InitialAccess
0,-1,-1,-1,0,0,-1,0,-1,0,0,8,11,0,24,0,0,0,InitialAccess
0,-1,-1,-1,0,0,-1,0,-1,0,0,8,11,0,24,0,0,0,InitialAccess
0,-1,-1,-1,0,0,-1,0,-1,0,0,8,11,0,24,0,0,0,InitialAccess
0,-1,-1,-1,0,0,-1,0,-1,0,0,8,11,0,24,0,0,0,InitialAccess
0,-1,-1,-1,0,0,-1,0,-1,0,0,8,11,0,24,0,0,0,InitialAccess
0,-1,-1,-1,0,0,-1,0,-1,0,0,8,11,0,24,0,0,0,InitialAccess
0,-1,-1,-1,0,0,-1,0,-1,0,0,8,11,0,24,0,0,0,InitialAccess
0,-1,-1,-1,0,0,-1,0,-1,0,0,8,11,0,24,0,0,0,InitialAccess
0,-1,-1,-1,0,0,-1,0,-1,0,0,7,24,0,7,0,0,0,InitialAccess
0,-1,-1,-1,0,0,-1,0,-1,0,0,8,11,0,24,0,0,0,InitialAccess
0,-1,-1,-1,0,0,-1,0,-1,0,0,8,11,0,24,0,0,0,InitialAccess
0,-1,-1,-1,0,0,-1,0,-1,0,0,8,11,0,24,0,0,0,InitialAccess
0,-1,-1,-1,0,0,-1,0,-1,0,0,8,11,0,24,0,0,0,InitialAccess
0,-1,-1,-1,0,0,-1,0,-1,0,0,8,11,0,24,0,0,0,InitialAccess
1,-1,-1,-1,0,0,-1,0,-1,0,0,8,11,0,24,0,0,1,InitialAccess
1,-1,-1,-1,0,0,-1,0,-1,0,0,8,11,0,24,0,0,1,InitialAccess
0,-1,-1,-1,0,0,-1,0,-1,0,0,8,11,0,24,0,0,0,InitialAccess
0,-1,-1,-1,0,0,-1,0,-1,0,0,8,11,0,24,0,0,1,InitialAccess
0,-1,-1,-1,0,0,-1,0,-1,0,0,0,0,0,10,0,0,0,InitialAccess
0,-1,-1,-1,0,0,-1,0,-1,0,0,8,11,0,24,0,0,0,InitialAccess
0,-1,-1,-1,0,0,-1,0,-1,0,0,7,24,0,7,0,0,1,InitialAccess
1,-1,-1,-1,0,0,-1,0,-1,0,0,8,11,0,24,0,0,1,InitialAccess
0,-1,-1,-1,0,0,-1,0,-1,0,0,8,11,0,24,0,0,0,InitialAccess
0,-1,-1,-1,0,0,-1,0,-1,0,0,8,11,0,24,0,0,0,InitialAccess
0,-1,-1,-1,0,0,-1,0,-1,0,0,8,11,0,24,0,0,1,InitialAccess
0,-1,-1,-1,0,0,-1,0,-1,0,0,8,11,0,24,0,0,1,InitialAccess
1,-1,-1,-1,0,0,-1,0,-1,0,0,8,11,0,24,0,0,1,InitialAccess
1,-1,-1,-1,0,0,-1,0,-1,0,0,8,11,0,24,0,0,1,InitialAccess
1,-1,-1,-1,0,0,-1,0,-1,0,0,8,11,0,24,0,0,1,InitialAccess
1,-1,-1,-1,0,0,-1,0,-1,0,0,8,11,0,24,0,0,1,InitialAccess
1,-1,-1,-1,0,0,-1,0,-1,0,0,8,11,0,24,0,0,1,InitialAccess
1,-1,-1,-1,0,0,-1,0,-1,0,0,8,11,0,24,0,0,1,InitialAccess
1,-1,-1,-1,0,0,-1,0,-1,0,0,8,11,0,24,0,0,1,InitialAccess
1,-1,-1,-1,0,0,-1,0,-1,0,0,8,11,0,24,0,0,1,InitialAccess
1,-1,-1,-1,0,0,-1,0,-1,0,0,8,11,0,24,0,0,1,InitialAccess
1,-1,-1,-1,0,0,-1,0,-1,0,0,8,11,0,24,0,0,1,InitialAccess
1,-1,-1,-1,0,0,-1,0,-1,0,0,8,11,0,24,0,0,1,InitialAccess
1,-1,-1,-1,0,0,-1,0,-1,0,0,8,11,0,24,0,0,1,InitialAccess
0,-1,-1,-1,0,0,-1,0,-1,0,0,8,11,0,24,0,0,1,InitialAccess
1,-1,-1,-1,0,0,-1,0,-1,0,0,8,11,0,24,0,0,1,InitialAccess
1,-1,-1,-1,0,0,-1,0,-1,0,0,8,11,0,24,0,0,1,InitialAccess
1,-1,-1,-1,0,0,-1,0,-1,0,0,8,11,0,24,0,0,1,InitialAccess
0,-1,-1,-1,0,0,-1,0,-1,0,0,8,11,0,24,0,0,23,InitialAccess
0,-1,-1,-1,0,0,-1,0,-1,0,0,8,11,0,24,0,0,23,InitialAccess
0,-1,-1,-1,0,0,-1,0,-1,0,0,7,24,0,7,0,0,23,InitialAccess
1,-1,-1,-1,0,0,-1,0,-1,0,0,8,11,0,24,0,0,23,InitialAccess
1,-1,-1,-1,0,0,-1,0,-1,0,0,8,11,0,24,0,0,23,InitialAccess
1,-1,-1,-1,0,0,-1,0,-1,0,0,8,11,0,24,0,0,23,InitialAccess
0,-1,-1,-1,0,0,-1,0,-1,0,0,8,11,0,24,0,0,23,InitialAccess
0,-1,-1,-1,0,0,-1,0,-1,0,0,8,11,0,24,0,0,23,InitialAccess
0,-1,-1,-1,0,0,-1,0,-1,0,0,8,11,0,24,0,0,23,InitialAccess
0,-1,-1,-1,0,0,-1,0,-1,0,0,8,11,0,24,0,0,23,InitialAccess
1,-1,-1,-1,0,0,-1,0,-1,0,0,8,11,0,24,0,0,23,InitialAccess
0,-1,-1,-1,0,0,-1,0,-1,0,0,8,14,0,22,0,0,23,InitialAccess
0,-1,-1,-1,0,0,-1,0,-1,0,0,8,25,0,3,0,0,23,InitialAccess
0,-1,-1,-1,0,0,-1,0,-1,0,0,8,11,0,24,0,0,23,InitialAccess
1,-1,-1,-1,0,0,-1,0,-1,0,0,8,11,0,24,0,0,23,InitialAccess
0,-1,-1,-1,0,0,-1,0,-1,0,0,8,14,0,22,0,0,23,InitialAccess
0,-1,-1,-1,0,0,-1,0,-1,0,0,8,14,0,22,0,0,23,InitialAccess
0,-1,-1,-1,0,0,-1,0,-1,0,0,8,14,0,22,0,0,23,InitialAccess
0,-1,-1,-1,0,0,-1,0,-1,0,0,8,11,0,24,0,0,23,InitialAccess
1,-1,-1,-1,0,0,-1,0,-1,0,0,8,11,0,24,0,0,23,InitialAccess
0,-1,-1,-1,0,0,-1,0,-1,0,0,8,14,0,22,0,0,23,InitialAccess
0,-1,-1,-1,0,0,-1,0,-1,0,0,8,14,0,22,0,0,23,InitialAccess
0,-1,-1,-1,0,0,-1,0,-1,0,0,8,14,0,22,0,0,23,InitialAccess
0,-1,-1,-1,0,0,-1,0,-1,0,0,8,14,0,22,0,0,23,InitialAccess
1,-1,-1,-1,0,0,-1,0,-1,0,0,8,11,0,24,0,0,23,InitialAccess
0,-1,-1,-1,0,0,-1,0,-1,0,0,8,11,0,24,0,0,23,InitialAccess
0,-1,-1,-1,0,0,-1,0,-1,0,0,1,20,0,20,0,0,23,InitialAccess
0,-1,-1,-1,0,0,-1,0,-1,0,0,1,20,0,20,0,0,23,InitialAccess
0,-1,-1,-1,0,0,-1,0,-1,0,0,8,11,0,24,0,0,23,InitialAccess
0,-1,-1,-1,0,0,-1,0,-1,0,0,8,14,0,22,0,0,23,InitialAccess
0,-1,-1,-1,0,0,-1,0,-1,0,0,1,20,0,20,0,0,23,InitialAccess
0,-1,-1,-1,0,0,-1,0,-1,0,0,8,11,3,24,0,0,23,InitialAccess
0,-1,-1,-1,0,0,-1,0,-1,0,0,8,14,0,22,0,0,23,InitialAccess
0,-1,-1,-1,0,0,-1,0,-1,0,0,8,11,0,24,0,0,23,InitialAccess
0,-1,-1,-1,0,0,-1,0,-1,0,0,8,14,0,22,0,0,23,InitialAccess
0,-1,-1,-1,0,0,-1,0,-1,0,0,8,11,0,24,0,0,23,InitialAccess
0,-1,-1,-1,0,0,-1,0,-1,0,0,8,11,0,24,0,0,23,InitialAccess
0,-1,-1,-1,0,0,-1,0,-1,0,0,8,11,3,24,0,0,23,InitialAccess
0,-1,-1,-1,0,0,-1,0,-1,0,0,8,14,0,22,0,0,23,InitialAccess
0,-1,-1,-1,0,0,-1,0,-1,0,0,8,11,0,24,0,0,23,InitialAccess
0,-1,-1,-1,0,0,-1,0,-1,0,0,8,11,0,24,0,0,23,InitialAccess
0,-1,-1,-1,0,0,-1,0,-1,0,0,8,11,0,24,0,0,23,InitialAccess
0,-1,-1,-1,0,0,-1,0,-1,0,0,1,13,0,18,0,0,23,InitialAccess
0,-1,-1,-1,0,0,-1,0,-1,0,0,8,11,0,24,0,0,23,InitialAccess
0,-1,-1,-1,0,0,-1,0,-1,0,0,2,16,0,15,0,0,23,InitialAccess
0,-1,-1,-1,0,0,-1,0,-1,0,0,1,20,0,20,0,0,23,InitialAccess
0,-1,-1,-1,0,0,-1,0,-1,0,0,8,11,3,24,0,0,23,InitialAccess
0,-1,-1,-1,0,0,-1,0,-1,0,0,1,15,0,15,0,0,23,InitialAccess
0,-1,-1,-1,0,0,-1,0,-1,0,0,8,11,0,24,0,0,23,InitialAccess
0,-1,-1,-1,0,0,-1,0,-1,0,0,1,15,0,15,0,0,23,InitialAccess
0,-1,-1,-1,0,0,-1,0,-1,0,0,8,11,0,24,0,0,23,InitialAccess
0,-1,-1,-1,0,0,-1,0,-1,0,0,8,11,0,24,0,0,23,InitialAccess
0,-1,-1,-1,0,0,-1,0,-1,0,0,8,11,0,24,0,0,23,InitialAccess
1,-1,-1,-1,0,0,-1,0,-1,0,0,8,11,0,24,0,0,1,InitialAccess
1,-1,-1,-1,0,0,-1,0,-1,0,0,8,11,0,24,0,0,1,InitialAccess
1,-1,-1,-1,0,0,-1,0,-1,0,0,8,11,0,24,0,0,1,InitialAccess
1,-1,-1,-1,0,0,-1,0,-1,0,0,8,11,0,24,0,0,1,InitialAccess
1,-1,-1,-1,0,0,-1,0,-1,0,0,8,11,0,24,0,0,1,InitialAccess
1,-1,-1,-1,0,0,-1,0,-1,0,0,8,11,0,24,0,0,1,InitialAccess
1,-1,-1,-1,0,0,-1,0,-1,0,0,8,11,0,24,0,0,1,InitialAccess
1,-1,-1,-1,0,0,-1,0,-1,0,0,8,11,0,24,0,0,1,InitialAccess
1,-1,-1,-1,0,0,-1,0,-1,0,0,8,11,0,24,0,0,1,InitialAccess
1,-1,-1,-1,0,0,-1,0,-1,0,0,8,11,0,24,0,0,1,InitialAccess
1,-1,-1,-1,0,0,-1,0,-1,0,0,8,11,0,24,0,0,1,InitialAccess
1,-1,-1,-1,0,0,-1,0,-1,0,0,8,11,0,24,0,0,1,InitialAccess
1,-1,-1,-1,0,0,-1,0,-1,0,0,8,11,0,24,0,0,1,InitialAccess
1,-1,-1,-1,0,0,-1,0,-1,0,0,8,11,0,24,0,0,1,InitialAccess
1,-1,-1,-1,0,0,-1,0,-1,0,0,8,11,0,24,0,0,1,InitialAccess
1,-1,-1,-1,0,0,-1,0,-1,0,0,8,11,0,24,0,0,1,InitialAccess
1,-1,-1,-1,0,0,-1,0,-1,0,0,8,11,0,24,0,0,1,InitialAccess
1,-1,-1,-1,0,0,-1,0,-1,0,0,8,11,0,24,0,0,1,InitialAccess
1,-1,-1,-1,0,0,-1,0,-1,0,0,8,11,0,24,0,0,1,InitialAccess
1,-1,-1,-1,0,0,-1,0,-1,0,0,8,11,0,24,0,0,1,InitialAccess
1,-1,-1,-1,0,0,-1,0,-1,0,0,8,11,0,24,0,0,1,InitialAccess
0,-1,-1,-1,0,0,-1,0,-1,0,0,8,11,0,24,0,0,1,InitialAccess
0,-1,-1,-1,0,0,-1,0,-1,0,0,8,11,0,24,0,0,1,InitialAccess
0,-1,-1,-1,0,0,-1,0,-1,0,0,14,29,0,14,0,0,1,InitialAccess
0,-1,-1,-1,0,0,-1,0,-1,0,0,7,12,0,1,0,0,1,InitialAccess
0,-1,-1,-1,0,0,-1,0,-1,0,0,8,11,0,24,0,0,1,InitialAccess
0,-1,-1,-1,0,0,-1,0,-1,0,0,8,11,0,24,0,0,1,InitialAccess
0,-1,-1,-1,0,0,-1,0,-1,0,0,8,11,0,24,0,0,1,InitialAccess
0,-1,-1,-1,0,0,-1,0,-1,0,0,8,11,0,24,0,0,1,InitialAccess
0,-1,-1,-1,0,0,-1,0,-1,0,0,8,11,0,24,0,0,1,InitialAccess
0,-1,-1,-1,0,0,-1,0,-1,0,0,4,23,0,6,0,0,1,InitialAccess
0,-1,-1,-1,0,0,-1,0,-1,0,0,8,11,0,24,0,0,1,InitialAccess
1,-1,-1,-1,0,0,-1,0,-1,0,0,8,11,0,24,0,0,1,InitialAccess
0,-1,-1,-1,0,0,-1,0,-1,0,0,8,11,0,24,0,0,1,InitialAccess
0,-1,-1,-1,0,0,-1,0,-1,0,0,8,11,0,24,0,0,1,InitialAccess
0,-1,-1,-1,0,0,-1,0,-1,0,0,8,11,0,24,0,0,1,InitialAccess
0,-1,-1,-1,0,0,-1,0,-1,0,0,8,11,0,24,0,0,1,InitialAccess
1,-1,-1,-1,0,0,-1,0,-1,0,0,8,11,0,24,0,0,1,InitialAccess
0,-1,-1,-1,0,0,-1,0,-1,0,0,8,11,0,24,0,0,1,InitialAccess
0,-1,-1,-1,0,0,-1,0,-1,0,0,8,11,0,24,0,0,1,InitialAccess
0,-1,-1,-1,0,0,-1,0,-1,0,0,8,11,0,24,0,0,1,InitialAccess
0,-1,-1,-1,0,0,-1,0,-1,0,0,7,24,0,7,0,0,1,InitialAccess
0,-1,-1,-1,0,0,-1,0,-1,0,0,8,11,0,24,0,0,1,InitialAccess
1,-1,-1,-1,0,0,-1,0,-1,0,0,8,11,0,24,0,0,1,InitialAccess
1,-1,-1,-1,0,0,-1,0,-1,0,0,8,11,0,24,0,0,1,InitialAccess
0,-1,-1,-1,0,0,-1,0,-1,0,0,8,11,0,24,0,0,1,InitialAccess
0,-1,-1,-1,0,0,-1,0,-1,0,0,8,11,0,24,0,0,1,InitialAccess
0,-1,-1,-1,0,0,-1,0,-1,0,0,8,11,0,24,0,0,1,InitialAccess
0,-1,-1,-1,0,0,-1,0,-1,0,0,8,11,0,24,0,0,1,InitialAccess
1,-1,-1,-1,0,0,-1,0,-1,0,0,8,11,0,24,0,0,1,InitialAccess
1,-1,-1,-1,0,0,-1,0,-1,0,0,8,11,0,24,0,0,1,InitialAccess
1,-1,-1,-1,0,0,-1,0,-1,0,0,8,11,0,24,0,0,1,InitialAccess
1,-1,-1,-1,0,0,-1,0,-1,0,0,8,11,0,24,0,0,1,InitialAccess
1,-1,-1,-1,0,0,-1,0,-1,0,0,8,11,0,24,0,0,1,InitialAccess
1,-1,-1,-1,0,0,-1,0,-1,0,0,8,11,0,24,0,0,1,InitialAccess
1,-1,-1,-1,0,0,-1,0,-1,0,0,8,11,0,24,0,0,1,InitialAccess
1,-1,-1,-1,0,0,-1,0,-1,0,0,8,11,0,24,0,0,1,InitialAccess
1,-1,-1,-1,0,0,-1,0,-1,0,0,8,11,0,24,0,0,1,InitialAccess
1,-1,-1,-1,0,0,-1,0,-1,0,0,8,11,0,24,0,0,1,InitialAccess
1,-1,-1,-1,0,0,-1,0,-1,0,0,8,11,0,24,0,0,1,InitialAccess
0,-1,-1,-1,0,0,-1,0,-1,0,0,0,0,0,10,0,0,1,InitialAccess
0,-1,-1,-1,0,0,-1,0,-1,0,0,8,11,0,24,0,0,1,InitialAccess
0,-1,-1,-1,0,0,-1,0,-1,0,0,8,11,0,24,0,0,1,InitialAccess
0,-1,-1,-1,0,0,-1,0,-1,0,0,8,11,0,24,0,0,1,InitialAccess
0,-1,-1,-1,0,0,-1,0,-1,0,0,8,11,0,24,0,0,1,InitialAccess
0,-1,-1,-1,0,0,-1,0,-1,0,0,8,11,0,24,0,0,2,InitialAccess
0,-1,-1,-1,0,0,-1,0,-1,0,0,8,11,0,24,0,0,2,InitialAccess
0,-1,-1,-1,0,0,-1,0,-1,0,0,8,11,0,24,0,0,2,InitialAccess
0,-1,-1,-1,0,0,-1,0,-1,0,0,8,11,0,24,0,0,2,InitialAccess
0,-1,-1,-1,0,0,-1,0,-1,0,0,7,24,0,7,0,0,2,InitialAccess
0,-1,-1,-1,0,0,-1,0,-1,0,0,8,11,0,24,0,0,2,InitialAccess
0,-1,-1,-1,0,0,-1,0,-1,0,0,8,11,0,24,0,0,2,InitialAccess
0,-1,-1,-1,0,0,-1,0,-1,0,0,8,11,0,24,0,0,2,InitialAccess
0,-1,-1,-1,0,0,-1,0,-1,0,0,8,11,0,24,0,0,2,InitialAccess
0,-1,-1,-1,0,0,-1,0,-1,0,0,8,11,0,24,0,0,2,InitialAccess
0,-1,-1,-1,0,0,-1,0,-1,0,0,8,11,0,24,0,0,2,InitialAccess
1,-1,-1,-1,0,0,-1,0,-1,0,0,8,11,0,24,0,0,2,InitialAccess
1,-1,-1,-1,0,0,-1,0,-1,0,0,8,11,0,24,0,0,2,InitialAccess
0,-1,-1,-1,0,0,-1,0,-1,0,0,8,11,0,24,0,0,2,InitialAccess
0,-1,-1,-1,0,0,-1,0,-1,0,0,8,11,0,24,0,0,2,InitialAccess
0,-1,-1,-1,0,0,-1,0,-1,0,0,8,11,0,24,0,0,2,InitialAccess
0,-1,-1,-1,0,0,-1,0,-1,0,0,8,11,0,24,0,0,2,InitialAccess
0,-1,-1,-1,0,0,-1,0,-1,0,0,8,11,0,24,0,0,2,InitialAccess
0,-1,-1,-1,0,0,-1,0,-1,0,0,14,29,0,14,0,0,2,InitialAccess
0,-1,-1,-1,0,0,-1,0,-1,0,0,8,11,0,24,0,0,2,InitialAccess
0,-1,-1,-1,0,0,-1,0,-1,0,0,8,11,0,24,0,0,2,InitialAccess
0,-1,-1,-1,0,0,-1,0,-1,0,0,8,11,0,24,0,0,2,InitialAccess
0,-1,-1,-1,0,0,-1,0,-1,0,0,7,12,0,1,0,0,2,InitialAccess
1,-1,-1,-1,0,0,-1,0,-1,0,0,8,11,0,24,0,0,2,InitialAccess
1,-1,-1,-1,0,0,-1,0,-1,0,0,8,11,0,24,0,0,2,InitialAccess
0,-1,-1,-1,0,0,-1,0,-1,0,0,8,11,0,24,0,0,2,InitialAccess
0,-1,-1,-1,0,0,-1,0,-1,0,0,8,11,0,24,0,0,2,InitialAccess
1,-1,-1,-1,0,0,-1,0,-1,0,0,8,11,0,24,0,0,3,InitialAccess
0,-1,-1,-1,0,0,-1,0,-1,0,0,8,11,0,24,0,0,3,InitialAccess
0,-1,-1,-1,0,0,-1,0,-1,0,0,4,23,0,6,0,0,3,InitialAccess
0,-1,-1,-1,0,0,-1,0,-1,0,0,8,11,0,24,0,0,3,InitialAccess
1,-1,-1,-1,0,0,-1,0,-1,0,0,8,11,0,24,0,0,3,InitialAccess
0,-1,-1,-1,0,0,-1,0,-1,0,0,8,11,0,24,0,0,3,InitialAccess
0,-1,-1,-1,0,0,-1,0,-1,0,0,8,11,0,24,0,0,3,InitialAccess
0,-1,-1,-1,0,0,-1,0,-1,0,0,7,18,0,29,0,0,3,InitialAccess
0,-1,-1,-1,0,0,-1,0,-1,0,0,8,11,0,24,0,0,3,InitialAccess
0,-1,-1,-1,0,0,-1,0,-1,0,0,7,24,0,7,0,0,3,InitialAccess
0,-1,-1,-1,0,0,-1,0,-1,0,0,8,11,0,24,0,0,3,InitialAccess
0,-1,-1,-1,0,0,-1,0,-1,0,0,8,11,0,24,0,0,3,InitialAccess
0,-1,-1,-1,0,0,-1,0,-1,0,0,8,11,0,24,0,0,3,InitialAccess
0,-1,-1,-1,0,0,-1,0,-1,0,0,8,11,0,24,0,0,3,InitialAccess
0,-1,-1,-1,0,0,-1,0,-1,0,0,8,11,0,24,0,0,3,InitialAccess
1,-1,-1,-1,0,0,-1,0,-1,0,0,8,11,0,24,0,0,3,InitialAccess
0,-1,-1,-1,0,0,-1,0,-1,0,0,8,11,0,24,0,0,3,InitialAccess
0,-1,-1,-1,0,0,-1,0,-1,0,0,14,29,0,14,0,0,3,InitialAccess
1,-1,-1,-1,0,0,-1,0,-1,0,0,8,11,0,24,0,0,3,InitialAccess
0,-1,-1,-1,0,0,-1,0,-1,0,0,8,11,0,24,0,0,3,InitialAccess
1,-1,-1,-1,0,0,-1,0,-1,0,0,8,11,0,24,0,0,3,InitialAccess
0,-1,-1,-1,0,0,-1,0,-1,0,0,14,29,0,14,0,0,3,InitialAccess
0,-1,-1,-1,0,0,-1,0,-1,0,0,8,11,0,24,0,0,3,InitialAccess
0,-1,-1,-1,0,0,-1,0,-1,0,0,8,11,0,24,0,0,3,InitialAccess
0,-1,-1,-1,0,0,-1,0,-1,0,0,8,11,0,24,0,0,3,InitialAccess
1,-1,-1,-1,0,0,-1,0,-1,0,0,8,11,0,24,0,0,3,InitialAccess
0,-1,-1,-1,0,0,-1,0,-1,0,0,8,11,0,24,0,0,3,InitialAccess
0,-1,-1,-1,0,0,-1,0,-1,0,0,8,11,0,24,0,0,3,InitialAccess
0,-1,-1,-1,0,0,-1,0,-1,0,0,8,11,0,24,0,0,3,InitialAccess
0,-1,-1,-1,0,0,-1,0,-1,0,0,8,11,0,24,0,0,3,InitialAccess
0,-1,-1,-1,0,0,-1,0,-1,0,0,8,11,0,24,0,0,3,InitialAccess
0,-1,-1,-1,0,0,-1,0,-1,0,0,7,24,0,7,0,0,3,InitialAccess
0,-1,-1,-1,0,0,-1,0,-1,0,0,8,11,0,24,0,0,3,InitialAccess
0,-1,-1,-1,0,0,-1,0,-1,0,0,8,11,0,24,0,0,3,InitialAccess
0,-1,-1,-1,0,0,-1,0,-1,0,0,8,11,0,24,0,0,3,InitialAccess
0,-1,-1,-1,0,0,-1,0,-1,0,0,8,11,0,24,0,0,3,InitialAccess
1,-1,-1,-1,0,0,-1,0,-1,0,0,8,11,0,24,0,0,3,InitialAccess
1,-1,-1,-1,0,0,-1,0,-1,0,0,8,11,0,24,0,0,3,InitialAccess
0,-1,-1,-1,0,0,-1,0,-1,0,0,16,4,0,0,0,0,4,InitialAccess
0,-1,-1,-1,0,0,-1,0,-1,0,0,16,4,0,0,0,0,4,InitialAccess
0,-1,-1,-1,0,0,-1,0,-1,0,0,16,4,0,0,0,0,4,InitialAccess
1,-1,-1,-1,0,0,-1,0,-1,0,0,8,11,0,24,0,0,4,InitialAccess
0,-1,-1,-1,0,0,-1,0,-1,0,0,8,11,0,24,0,0,4,InitialAccess
1,-1,-1,-1,0,0,-1,0,-1,0,0,8,11,0,24,0,0,4,InitialAccess
0,-1,-1,-1,0,0,-1,0,-1,0,0,4,23,0,6,0,0,4,InitialAccess
0,-1,-1,-1,0,0,-1,0,-1,0,0,8,11,0,24,0,0,4,InitialAccess
0,-1,-1,-1,0,0,-1,0,-1,0,0,8,11,0,24,0,0,4,InitialAccess
0,-1,-1,-1,0,0,-1,0,-1,0,0,8,11,0,24,0,0,4,InitialAccess
0,-1,-1,-1,0,0,-1,0,-1,0,0,8,11,0,24,0,0,4,InitialAccess
0,-1,-1,-1,0,0,-1,0,-1,0,0,8,11,0,24,0,0,4,InitialAccess
0,-1,-1,-1,0,0,-1,0,-1,0,0,8,11,0,24,0,0,4,InitialAccess
0,-1,-1,-1,0,0,-1,0,-1,0,0,8,11,0,24,0,0,4,InitialAccess
0,-1,-1,-1,0,0,-1,0,-1,0,0,8,11,0,24,0,0,4,InitialAccess
0,-1,-1,-1,0,0,-1,0,-1,0,0,8,11,0,24,0,0,4,InitialAccess
0,-1,-1,-1,0,0,-1,0,-1,0,0,8,11,0,24,0,0,4,InitialAccess
0,-1,-1,-1,0,0,-1,0,-1,0,0,8,11,0,24,0,0,4,InitialAccess
0,-1,-1,-1,0,0,-1,0,-1,0,0,8,11,0,24,0,0,4,InitialAccess
0,-1,-1,-1,0,0,-1,0,-1,0,0,8,11,0,24,0,0,4,InitialAccess
0,-1,-1,-1,0,0,-1,0,-1,0,0,8,11,0,24,0,0,4,InitialAccess
0,-1,-1,-1,0,0,-1,0,-1,0,0,8,11,0,24,0,0,4,InitialAccess
0,-1,-1,-1,0,0,-1,0,-1,0,0,8,11,0,24,0,0,4,InitialAccess
0,-1,-1,-1,0,0,-1,0,-1,0,0,8,11,0,24,0,0,4,InitialAccess
0,-1,-1,-1,0,0,-1,0,-1,0,0,8,11,0,24,0,0,4,InitialAccess
0,-1,-1,-1,0,0,-1,0,-1,0,0,8,11,0,24,0,0,4,InitialAccess
0,-1,-1,-1,0,0,-1,0,-1,0,0,8,11,0,24,0,0,4,InitialAccess
0,-1,-1,-1,0,0,-1,0,-1,0,0,8,11,0,24,0,0,4,InitialAccess
0,-1,-1,-1,0,0,-1,0,-1,0,0,8,11,0,24,0,0,4,InitialAccess
0,-1,-1,-1,0,0,-1,0,-1,0,0,8,11,0,24,0,0,4,InitialAccess
0,-1,-1,-1,0,0,-1,0,-1,0,0,8,11,0,24,0,0,4,InitialAccess
0,-1,-1,-1,0,0,-1,0,-1,0,0,8,11,0,24,0,0,4,InitialAccess
0,-1,-1,-1,0,0,-1,0,-1,0,0,8,11,0,24,0,0,4,InitialAccess
0,-1,-1,-1,0,0,-1,0,-1,0,0,8,11,0,24,0,0,4,InitialAccess
0,-1,-1,-1,0,0,-1,0,-1,0,0,8,11,0,24,0,0,4,InitialAccess
0,-1,-1,-1,0,0,-1,0,-1,0,0,8,11,0,24,0,0,4,InitialAccess
0,-1,-1,-1,0,0,-1,0,-1,0,0,8,11,0,24,0,0,4,InitialAccess
0,-1,-1,-1,0,0,-1,0,-1,0,0,8,11,0,24,0,0,4,InitialAccess
0,-1,-1,-1,0,0,-1,0,-1,0,0,8,11,0,24,0,0,4,InitialAccess
0,-1,-1,-1,0,0,-1,0,-1,0,0,8,11,0,24,0,0,4,InitialAccess
0,-1,-1,-1,0,0,-1,0,-1,0,0,8,11,0,24,0,0,4,InitialAccess
0,-1,-1,-1,0,0,-1,0,-1,0,0,8,11,0,24,0,0,4,InitialAccess
0,-1,-1,-1,0,0,-1,0,-1,0,0,8,11,0,24,0,0,4,InitialAccess
0,-1,-1,-1,0,0,-1,0,-1,0,0,8,11,0,24,0,0,4,InitialAccess
0,-1,-1,-1,0,0,-1,0,-1,0,0,8,11,0,24,0,0,4,InitialAccess
0,-1,-1,-1,0,0,-1,0,-1,0,0,8,11,0,24,0,0,4,InitialAccess
0,-1,-1,-1,0,0,-1,0,-1,0,0,8,11,0,24,0,0,4,InitialAccess
0,-1,-1,-1,0,0,-1,0,-1,0,0,8,11,0,24,0,0,4,InitialAccess
0,-1,-1,-1,0,0,-1,0,-1,0,0,8,11,0,24,0,0,4,InitialAccess
0,-1,-1,-1,0,0,-1,0,-1,0,0,8,11,0,24,0,0,4,InitialAccess
0,-1,-1,-1,0,0,-1,0,-1,0,0,8,11,0,24,0,0,4,InitialAccess
0,-1,-1,-1,0,0,-1,0,-1,0,0,8,11,0,24,0,0,4,InitialAccess
0,-1,-1,-1,0,0,-1,0,-1,0,0,8,11,0,24,0,0,4,InitialAccess
0,-1,-1,-1,0,0,-1,0,-1,0,0,8,11,0,24,0,0,4,InitialAccess
0,-1,-1,-1,0,0,-1,0,-1,0,0,8,11,0,24,0,0,4,InitialAccess
0,-1,-1,-1,0,0,-1,0,-1,0,0,8,11,0,24,0,0,4,InitialAccess
0,-1,-1,-1,0,0,-1,0,-1,0,0,8,11,0,24,0,0,4,InitialAccess
0,-1,-1,-1,0,0,-1,0,-1,0,0,8,11,0,24,0,0,4,InitialAccess
0,-1,-1,-1,0,0,-1,0,-1,0,0,8,11,0,24,0,0,4,InitialAccess
0,-1,-1,-1,0,0,-1,0,-1,0,0,8,11,0,24,0,0,4,InitialAccess
0,-1,-1,-1,0,0,-1,0,-1,0,0,8,11,0,24,0,0,4,InitialAccess
0,-1,-1,-1,0,0,-1,0,-1,0,0,8,11,0,24,0,0,4,InitialAccess
0,-1,-1,-1,0,0,-1,0,-1,0,0,8,11,0,24,0,0,4,InitialAccess
0,-1,-1,-1,0,0,-1,0,-1,0,0,8,11,0,24,0,0,4,InitialAccess
0,-1,-1,-1,0,0,-1,0,-1,0,0,8,11,0,24,0,0,4,InitialAccess
0,-1,-1,-1,0,0,-1,0,-1,0,0,8,11,0,24,0,0,4,InitialAccess
0,-1,-1,-1,0,0,-1,0,-1,0,0,8,11,0,24,0,0,4,InitialAccess
0,-1,-1,-1,0,0,-1,0,-1,0,0,8,11,0,24,0,0,4,InitialAccess
0,-1,-1,-1,0,0,-1,0,-1,0,0,8,11,0,24,0,0,4,InitialAccess
0,-1,-1,-1,0,0,-1,0,-1,0,0,8,11,0,24,0,0,4,InitialAccess
0,-1,-1,-1,0,0,-1,0,-1,0,0,8,11,0,24,0,0,4,InitialAccess
0,-1,-1,-1,0,0,-1,0,-1,0,0,8,11,0,24,0,0,4,InitialAccess
0,-1,-1,-1,0,0,-1,0,-1,0,0,8,11,0,24,0,0,4,InitialAccess
0,-1,-1,-1,0,0,-1,0,-1,0,0,8,11,0,24,0,0,4,InitialAccess
0,-1,-1,-1,0,0,-1,0,-1,0,0,8,11,0,24,0,0,4,InitialAccess
0,-1,-1,-1,0,0,-1,0,-1,0,0,8,11,0,24,0,0,4,InitialAccess
0,-1,-1,-1,0,0,-1,0,-1,0,0,8,11,0,24,0,0,4,InitialAccess
0,-1,-1,-1,0,0,-1,0,-1,0,0,8,11,0,24,0,0,4,InitialAccess
0,-1,-1,-1,0,0,-1,0,-1,0,0,8,11,0,24,0,0,4,InitialAccess
0,-1,-1,-1,0,0,-1,0,-1,0,0,8,11,0,24,0,0,4,InitialAccess
0,-1,-1,-1,0,0,-1,0,-1,0,0,8,11,0,24,0,0,4,InitialAccess
0,-1,-1,-1,0,0,-1,0,-1,0,0,8,11,0,24,0,0,4,InitialAccess
0,-1,-1,-1,0,0,-1,0,-1,0,0,8,11,0,24,0,0,4,InitialAccess
0,-1,-1,-1,0,0,-1,0,-1,0,0,8,11,0,24,0,0,4,InitialAccess
0,-1,-1,-1,0,0,-1,0,-1,0,0,8,11,0,24,0,0,4,InitialAccess
0,-1,-1,-1,0,0,-1,0,-1,0,0,8,11,0,24,0,0,4,InitialAccess
0,-1,-1,-1,0,0,-1,0,-1,0,0,8,11,0,24,0,0,4,InitialAccess
0,-1,-1,-1,0,0,-1,0,-1,0,0,8,11,0,24,0,0,4,InitialAccess
0,-1,-1,-1,0,0,-1,0,-1,0,0,8,11,0,24,0,0,4,InitialAccess
0,-1,-1,-1,0,0,-1,0,-1,0,0,8,11,0,24,0,0,4,InitialAccess
0,-1,-1,-1,0,0,-1,0,-1,0,0,8,11,0,24,0,0,4,InitialAccess
0,-1,-1,-1,0,0,-1,0,-1,0,0,8,11,0,24,0,0,4,InitialAccess
0,-1,-1,-1,0,0,-1,0,-1,0,0,8,11,0,24,0,0,4,InitialAccess
0,-1,-1,-1,0,0,-1,0,-1,0,0,8,11,0,24,0,0,4,InitialAccess
0,-1,-1,-1,0,0,-1,0,-1,0,0,8,11,0,24,0,0,4,InitialAccess
0,-1,-1,-1,0,0,-1,0,-1,0,0,8,11,0,24,0,0,4,InitialAccess
0,-1,-1,-1,0,0,-1,0,-1,0,0,8,11,0,24,0,0,4,InitialAccess
0,-1,-1,-1,0,0,-1,0,-1,0,0,8,11,0,24,0,0,4,InitialAccess
0,-1,-1,-1,0,0,-1,0,-1,0,0,8,11,0,24,0,0,4,InitialAccess
0,-1,-1,-1,0,0,-1,0,-1,0,0,8,11,0,24,0,0,4,InitialAccess
0,-1,-1,-1,0,0,-1,0,-1,0,0,8,11,0,24,0,0,4,InitialAccess
0,-1,-1,-1,0,0,-1,0,-1,0,0,8,11,0,24,0,0,4,InitialAccess
0,-1,-1,-1,0,0,-1,0,-1,0,0,8,11,0,24,0,0,4,InitialAccess
0,-1,-1,-1,0,0,-1,0,-1,0,0,8,11,0,24,0,0,4,InitialAccess
0,-1,-1,-1,0,0,-1,0,-1,0,0,8,11,0,24,0,0,4,InitialAccess
0,-1,-1,-1,0,0,-1,0,-1,0,0,8,11,0,24,0,0,4,InitialAccess
0,-1,-1,-1,0,0,-1,0,-1,0,0,8,11,0,24,0,0,4,InitialAccess
0,-1,-1,-1,0,0,-1,0,-1,0,0,8,11,0,24,0,0,4,InitialAccess
0,-1,-1,-1,0,0,-1,0,-1,0,0,8,11,0,24,0,0,4,InitialAccess
0,-1,-1,-1,0,0,-1,0,-1,0,0,8,11,0,24,0,0,4,InitialAccess
0,-1,-1,-1,0,0,-1,0,-1,0,0,8,11,0,24,0,0,4,InitialAccess
0,-1,-1,-1,0,0,-1,0,-1,0,0,8,11,0,24,0,0,4,InitialAccess
0,-1,-1,-1,0,0,-1,0,-1,0,0,8,11,0,24,0,0,4,InitialAccess
0,-1,-1,-1,0,0,-1,0,-1,0,0,8,11,0,24,0,0,4,InitialAccess
0,-1,-1,-1,0,0,-1,0,-1,0,0,8,11,0,24,0,0,4,InitialAccess
0,-1,-1,-1,0,0,-1,0,-1,0,0,8,11,0,24,0,0,4,InitialAccess
0,-1,-1,-1,0,0,-1,0,-1,0,0,8,11,0,24,0,0,4,InitialAccess
0,-1,-1,-1,0,0,-1,0,-1,0,0,8,11,0,24,0,0,4,InitialAccess
0,-1,-1,-1,0,0,-1,0,-1,0,0,8,11,0,24,0,0,4,InitialAccess
0,-1,-1,-1,0,0,-1,0,-1,0,0,8,11,0,24,0,0,4,InitialAccess
0,-1,-1,-1,0,0,-1,0,-1,0,0,8,11,0,24,0,0,4,InitialAccess
0,-1,-1,-1,0,0,-1,0,-1,0,0,8,11,0,24,0,0,4,InitialAccess
0,-1,-1,-1,0,0,-1,0,-1,0,0,8,11,0,24,0,0,4,InitialAccess
0,-1,-1,-1,0,0,-1,0,-1,0,0,8,11,0,24,0,0,4,InitialAccess
0,-1,-1,-1,0,0,-1,0,-1,0,0,8,11,0,24,0,0,4,InitialAccess
0,-1,-1,-1,0,0,-1,0,-1,0,0,8,11,0,24,0,0,4,InitialAccess
0,-1,-1,-1,0,0,-1,0,-1,0,0,8,11,0,24,0,0,4,InitialAccess
0,-1,-1,-1,0,0,-1,0,-1,0,0,8,11,0,24,0,0,4,InitialAccess
0,-1,-1,-1,0,0,-1,0,-1,0,0,8,11,0,24,0,0,4,InitialAccess
0,-1,-1,-1,0,0,-1,0,-1,0,0,8,11,0,24,0,0,4,InitialAccess
0,-1,-1,-1,0,0,-1,0,-1,0,0,8,11,0,24,0,0,4,InitialAccess
0,-1,-1,-1,0,0,-1,0,-1,0,0,8,11,0,24,0,0,4,InitialAccess
0,-1,-1,-1,0,0,-1,0,-1,0,0,8,11,0,24,0,0,4,InitialAccess
0,-1,-1,-1,0,0,-1,0,-1,0,0,8,11,0,24,0,0,4,InitialAccess
0,-1,-1,-1,0,0,-1,0,-1,0,0,8,11,0,24,0,0,4,InitialAccess
0,-1,-1,-1,0,0,-1,0,-1,0,0,8,11,0,24,0,0,4,InitialAccess
0,-1,-1,-1,0,0,-1,0,-1,0,0,8,11,0,24,0,0,4,InitialAccess
0,-1,-1,-1,0,0,-1,0,-1,0,0,8,11,0,24,0,0,4,InitialAccess
0,-1,-1,-1,0,0,-1,0,-1,0,0,8,11,0,24,0,0,4,InitialAccess
0,-1,-1,-1,0,0,-1,0,-1,0,0,8,11,0,24,0,0,4,InitialAccess
0,-1,-1,-1,0,0,-1,0,-1,0,0,8,11,0,24,0,0,4,InitialAccess
0,-1,-1,-1,0,0,-1,0,-1,0,0,8,11,0,24,0,0,4,InitialAccess
0,-1,-1,-1,0,0,-1,0,-1,0,0,8,11,0,24,0,0,4,InitialAccess
0,-1,-1,-1,0,0,-1,0,-1,0,0,8,11,0,24,0,0,4,InitialAccess
0,-1,-1,-1,0,0,-1,0,-1,0,0,8,11,0,24,0,0,4,InitialAccess
0,-1,-1,-1,0,0,-1,0,-1,0,0,8,11,0,24,0,0,4,InitialAccess
0,-1,-1,-1,0,0,-1,0,-1,0,0,8,11,0,24,0,0,4,InitialAccess
0,-1,-1,-1,0,0,-1,0,-1,0,0,8,11,0,24,0,0,4,InitialAccess
0,-1,-1,-1,0,0,-1,0,-1,0,0,8,11,0,24,0,0,4,InitialAccess
0,-1,-1,-1,0,0,-1,0,-1,0,0,8,11,0,24,0,0,4,InitialAccess
0,-1,-1,-1,0,0,-1,0,-1,0,0,8,11,0,24,0,0,4,InitialAccess
0,-1,-1,-1,0,0,-1,0,-1,0,0,8,11,0,24,0,0,4,InitialAccess
0,-1,-1,-1,0,0,-1,0,-1,0,0,8,11,0,24,0,0,4,InitialAccess
0,-1,-1,-1,0,0,-1,0,-1,0,0,8,11,0,24,0,0,4,InitialAccess
0,-1,-1,-1,0,0,-1,0,-1,0,0,8,11,0,24,0,0,4,InitialAccess
0,-1,-1,-1,0,0,-1,0,-1,0,0,8,11,0,24,0,0,4,InitialAccess
0,-1,-1,-1,0,0,-1,0,-1,0,0,8,11,0,24,0,0,4,InitialAccess
0,-1,-1,-1,0,0,-1,0,-1,0,0,8,11,0,24,0,0,4,InitialAccess
0,-1,-1,-1,0,0,-1,0,-1,0,0,8,11,0,24,0,0,4,InitialAccess
0,-1,-1,-1,0,0,-1,0,-1,0,0,8,11,0,24,0,0,4,InitialAccess
0,-1,-1,-1,0,0,-1,0,-1,0,0,8,11,0,24,0,0,4,InitialAccess
0,-1,-1,-1,0,0,-1,0,-1,0,0,8,11,0,24,0,0,4,InitialAccess
0,-1,-1,-1,0,0,-1,0,-1,0,0,8,11,0,24,0,0,4,InitialAccess
0,-1,-1,-1,0,0,-1,0,-1,0,0,8,11,0,24,0,0,4,InitialAccess
0,-1,-1,-1,0,0,-1,0,-1,0,0,8,11,0,24,0,0,4,InitialAccess
0,-1,-1,-1,0,0,-1,0,-1,0,0,8,11,0,24,0,0,4,InitialAccess
0,-1,-1,-1,0,0,-1,0,-1,0,0,8,11,0,24,0,0,4,InitialAccess
0,-1,-1,-1,0,0,-1,0,-1,0,0,8,11,0,24,0,0,4,InitialAccess
0,-1,-1,-1,0,0,-1,0,-1,0,0,8,11,0,24,0,0,4,InitialAccess
0,-1,-1,-1,0,0,-1,0,-1,0,0,8,11,0,24,0,0,4,InitialAccess
0,-1,-1,-1,0,0,-1,0,-1,0,0,8,11,0,24,0,0,4,InitialAccess
0,-1,-1,-1,0,0,-1,0,-1,0,0,8,11,0,24,0,0,4,InitialAccess
0,-1,-1,-1,0,0,-1,0,-1,0,0,8,11,0,24,0,0,4,InitialAccess
0,-1,-1,-1,0,0,-1,0,-1,0,0,8,11,0,24,0,0,4,InitialAccess
0,-1,-1,-1,0,0,-1,0,-1,0,0,8,11,0,24,0,0,4,InitialAccess
0,-1,-1,-1,0,0,-1,0,-1,0,0,8,11,0,24,0,0,4,InitialAccess
0,-1,-1,-1,0,0,-1,0,-1,0,0,8,11,0,24,0,0,4,InitialAccess
0,-1,-1,-1,0,0,-1,0,-1,0,0,8,11,0,24,0,0,4,InitialAccess
0,-1,-1,-1,0,0,-1,0,-1,0,0,8,11,0,24,0,0,4,InitialAccess
0,-1,-1,-1,0,0,-1,0,-1,0,0,8,11,0,24,0,0,4,InitialAccess
0,-1,-1,-1,0,0,-1,0,-1,0,0,8,11,0,24,0,0,4,InitialAccess
0,-1,-1,-1,0,0,-1,0,-1,0,0,8,11,0,24,0,0,4,InitialAccess
0,-1,-1,-1,0,0,-1,0,-1,0,0,8,11,0,24,0,0,4,InitialAccess
0,-1,-1,-1,0,0,-1,0,-1,0,0,8,11,0,24,0,0,4,InitialAccess
0,-1,-1,-1,0,0,-1,0,-1,0,0,8,11,0,24,0,0,4,InitialAccess
0,-1,-1,-1,0,0,-1,0,-1,0,0,8,11,0,24,0,0,4,InitialAccess
0,-1,-1,-1,0,0,-1,0,-1,0,0,8,11,0,24,0,0,4,InitialAccess
0,-1,-1,-1,0,0,-1,0,-1,0,0,8,11,0,24,0,0,4,InitialAccess
0,-1,-1,-1,0,0,-1,0,-1,0,0,8,11,0,24,0,0,4,InitialAccess
0,-1,-1,-1,0,0,-1,0,-1,0,0,8,11,0,24,0,0,4,InitialAccess
0,-1,-1,-1,0,0,-1,0,-1,0,0,8,11,0,24,0,0,4,InitialAccess
0,-1,-1,-1,0,0,-1,0,-1,0,0,8,11,0,24,0,0,4,InitialAccess
0,-1,-1,-1,0,0,-1,0,-1,0,0,8,11,0,24,0,0,4,InitialAccess
0,-1,-1,-1,0,0,-1,0,-1,0,0,8,11,0,24,0,0,4,InitialAccess
0,-1,-1,-1,0,0,-1,0,-1,0,0,8,11,0,24,0,0,4,InitialAccess
0,-1,-1,-1,0,0,-1,0,-1,0,0,8,11,0,24,0,0,4,InitialAccess
0,-1,-1,-1,0,0,-1,0,-1,0,0,8,11,0,24,0,0,4,InitialAccess
0,-1,-1,-1,0,0,-1,0,-1,0,0,8,11,0,24,0,0,4,InitialAccess
0,-1,-1,-1,0,0,-1,0,-1,0,0,8,11,0,24,0,0,4,InitialAccess
0,-1,-1,-1,0,0,-1,0,-1,0,0,8,11,0,24,0,0,4,InitialAccess
0,-1,-1,-1,0,0,-1,0,-1,0,0,8,11,0,24,0,0,4,InitialAccess
0,-1,-1,-1,0,0,-1,0,-1,0,0,8,11,0,24,0,0,4,InitialAccess
0,-1,-1,-1,0,0,-1,0,-1,0,0,8,11,0,24,0,0,4,InitialAccess
0,-1,-1,-1,0,0,-1,0,-1,0,0,8,11,0,24,0,0,4,InitialAccess
0,-1,-1,-1,0,0,-1,0,-1,0,0,8,11,0,24,0,0,4,InitialAccess
0,-1,-1,-1,0,0,-1,0,-1,0,0,8,11,0,24,0,0,4,InitialAccess
0,-1,-1,-1,0,0,-1,0,-1,0,0,8,11,0,24,0,0,4,InitialAccess
0,-1,-1,-1,0,0,-1,0,-1,0,0,8,11,0,24,0,0,4,InitialAccess
0,-1,-1,-1,0,0,-1,0,-1,0,0,8,11,0,24,0,0,4,InitialAccess
0,-1,-1,-1,0,0,-1,0,-1,0,0,8,11,0,24,0,0,4,InitialAccess
0,-1,-1,-1,0,0,-1,0,-1,0,0,8,11,0,24,0,0,4,InitialAccess
0,-1,-1,-1,0,0,-1,0,-1,0,0,8,11,0,24,0,0,4,InitialAccess
0,-1,-1,-1,0,0,-1,0,-1,0,0,8,11,0,24,0,0,4,InitialAccess
0,-1,-1,-1,0,0,-1,0,-1,0,0,8,11,0,24,0,0,4,InitialAccess
0,-1,-1,-1,0,0,-1,0,-1,0,0,8,11,0,24,0,0,4,InitialAccess
0,-1,-1,-1,0,0,-1,0,-1,0,0,8,11,0,24,0,0,4,InitialAccess
0,-1,-1,-1,0,0,-1,0,-1,0,0,8,11,0,24,0,0,4,InitialAccess
0,-1,-1,-1,0,0,-1,0,-1,0,0,8,11,0,24,0,0,4,InitialAccess
1,-1,-1,-1,0,0,-1,0,-1,0,0,8,11,0,24,0,0,4,InitialAccess
1,-1,-1,-1,0,0,-1,0,-1,0,0,8,11,0,24,0,0,4,InitialAccess
1,-1,-1,-1,0,0,-1,0,-1,0,0,8,11,0,24,0,0,4,InitialAccess
1,-1,-1,-1,0,0,-1,0,-1,0,0,8,11,0,24,0,0,4,InitialAccess
1,-1,-1,-1,0,0,-1,0,-1,0,0,8,11,0,24,0,0,4,InitialAccess
1,-1,-1,-1,0,0,-1,0,-1,0,0,8,11,0,24,0,0,4,InitialAccess
0,-1,-1,-1,0,0,-1,0,-1,0,0,8,11,0,24,0,0,4,InitialAccess
1,-1,-1,-1,0,0,-1,0,-1,0,0,8,11,0,24,0,0,4,InitialAccess
1,-1,-1,-1,0,0,-1,0,-1,0,0,8,11,0,24,0,0,4,InitialAccess
1,-1,-1,-1,0,0,-1,0,-1,0,0,8,11,0,24,0,0,4,InitialAccess
1,-1,-1,-1,0,0,-1,0,-1,0,0,8,11,0,24,0,0,4,InitialAccess
1,-1,-1,-1,0,0,-1,0,-1,0,0,8,11,0,24,0,0,4,InitialAccess
1,-1,-1,-1,0,0,-1,0,-1,0,0,8,11,0,24,0,0,4,InitialAccess
1,-1,-1,-1,0,0,-1,0,-1,0,0,8,11,0,24,0,0,4,InitialAccess
1,-1,-1,-1,0,0,-1,0,-1,0,0,8,11,0,24,0,0,4,InitialAccess
0,-1,-1,-1,0,0,-1,0,-1,0,0,14,29,0,14,0,0,4,InitialAccess
1,-1,-1,-1,0,0,-1,0,-1,0,0,8,11,0,24,0,0,4,InitialAccess
1,-1,-1,-1,0,0,-1,0,-1,0,0,8,11,0,24,0,0,4,InitialAccess
1,-1,-1,-1,0,0,-1,0,-1,0,0,8,11,0,24,0,0,4,InitialAccess
1,-1,-1,-1,0,0,-1,0,-1,0,0,8,11,0,24,0,0,4,InitialAccess
1,-1,-1,-1,0,0,-1,0,-1,0,0,8,11,0,24,0,0,4,InitialAccess
1,-1,-1,-1,0,0,-1,0,-1,0,0,8,11,0,24,0,0,4,InitialAccess
1,-1,-1,-1,0,0,-1,0,-1,0,0,8,11,0,24,0,0,4,InitialAccess
0,-1,-1,-1,0,0,-1,0,-1,0,0,8,11,0,24,0,0,4,InitialAccess
0,-1,-1,-1,0,0,-1,0,-1,0,0,8,11,0,24,0,0,4,InitialAccess
1,-1,-1,-1,0,0,-1,0,-1,0,0,8,11,0,24,0,0,4,InitialAccess
1,-1,-1,-1,0,0,-1,0,-1,0,0,8,11,0,24,0,0,4,InitialAccess
1,-1,-1,-1,0,0,-1,0,-1,0,0,8,11,0,24,0,0,4,InitialAccess
1,-1,-1,-1,0,0,-1,0,-1,0,0,8,11,0,24,0,0,4,InitialAccess
1,-1,-1,-1,0,0,-1,0,-1,0,0,8,11,0,24,0,0,4,InitialAccess
1,-1,-1,-1,0,0,-1,0,-1,0,0,8,11,0,24,0,0,4,InitialAccess
0,-1,-1,-1,0,0,-1,0,-1,0,0,8,11,0,24,0,0,4,InitialAccess
0,-1,-1,-1,0,0,-1,0,-1,0,0,8,11,0,24,0,0,4,InitialAccess
0,-1,-1,-1,0,0,-1,0,-1,0,0,8,11,0,24,0,0,4,InitialAccess
0,-1,-1,-1,0,0,-1,0,-1,0,0,7,12,0,1,0,0,4,InitialAccess
0,-1,-1,-1,0,0,-1,0,-1,0,0,14,29,0,14,0,0,4,InitialAccess
0,-1,-1,-1,0,0,-1,0,-1,0,0,7,18,0,29,0,0,4,InitialAccess
1,-1,-1,-1,0,0,-1,0,-1,0,0,8,11,0,24,0,0,4,InitialAccess
0,-1,-1,-1,0,0,-1,0,-1,0,0,8,11,0,24,0,0,4,InitialAccess
0,-1,-1,-1,0,0,-1,0,-1,0,0,7,24,0,7,0,0,4,InitialAccess
0,-1,-1,-1,0,0,-1,0,-1,0,0,8,11,0,24,0,0,4,InitialAccess
1,-1,-1,-1,0,0,-1,0,-1,0,0,8,11,0,24,0,0,4,InitialAccess
1,-1,-1,-1,0,0,-1,0,-1,0,0,8,11,0,24,0,0,4,InitialAccess
0,-1,-1,-1,0,0,-1,0,-1,0,0,8,5,0,4,0,0,4,InitialAccess
0,-1,-1,-1,0,0,-1,0,-1,0,0,4,23,0,6,0,0,4,InitialAccess
1,-1,-1,-1,0,0,-1,0,-1,0,0,8,11,0,24,0,0,4,InitialAccess
1,-1,-1,-1,0,0,-1,0,-1,0,0,8,11,0,24,0,0,4,InitialAccess
0,-1,-1,-1,0,0,-1,0,-1,0,0,0,0,0,10,0,0,4,InitialAccess
0,-1,-1,-1,0,0,-1,0,-1,0,0,8,11,0,24,0,0,4,InitialAccess
0,-1,-1,-1,0,0,-1,0,-1,0,0,8,11,0,24,0,0,4,InitialAccess
0,-1,-1,-1,0,0,-1,0,-1,0,0,8,11,0,24,0,0,4,InitialAccess
0,-1,-1,-1,0,0,-1,0,-1,0,0,8,11,0,24,0,0,4,InitialAccess
0,-1,-1,-1,0,0,-1,0,-1,0,0,8,11,0,24,0,0,4,InitialAccess
0,-1,-1,-1,0,0,-1,0,-1,0,0,8,11,0,24,0,0,4,InitialAccess
0,-1,-1,-1,0,0,-1,0,-1,0,0,8,11,0,24,0,0,4,InitialAccess
0,-1,-1,-1,0,0,-1,0,-1,0,0,8,11,0,24,0,0,4,InitialAccess
0,-1,-1,-1,0,0,-1,0,-1,0,0,8,11,0,24,0,0,4,InitialAccess
0,-1,-1,-1,0,0,-1,0,-1,0,0,8,11,0,24,0,0,4,InitialAccess
0,-1,-1,-1,0,0,-1,0,-1,0,0,8,11,0,24,0,0,4,InitialAccess
0,-1,-1,-1,0,0,-1,0,-1,0,0,8,11,0,24,0,0,4,InitialAccess
0,-1,-1,-1,0,0,-1,0,-1,0,0,8,11,0,24,0,0,4,InitialAccess
0,-1,-1,-1,0,0,-1,0,-1,0,0,8,11,0,24,0,0,4,InitialAccess
0,-1,-1,-1,0,0,-1,0,-1,0,0,8,11,0,24,0,0,4,InitialAccess
0,-1,-1,-1,0,0,-1,0,-1,0,0,8,11,0,24,0,0,4,InitialAccess
0,-1,-1,-1,0,0,-1,0,-1,0,0,8,11,0,24,0,0,4,InitialAccess
0,-1,-1,-1,0,0,-1,0,-1,0,0,8,11,0,24,0,0,4,InitialAccess
0,-1,-1,-1,0,0,-1,0,-1,0,0,8,11,0,24,0,0,4,InitialAccess
0,-1,-1,-1,0,0,-1,0,-1,0,0,8,11,0,24,0,0,4,InitialAccess
0,-1,-1,-1,0,0,-1,0,-1,0,0,8,11,0,24,0,0,4,InitialAccess
0,-1,-1,-1,0,0,-1,0,-1,0,0,8,11,0,24,0,0,4,InitialAccess
0,-1,-1,-1,0,0,-1,0,-1,0,0,8,11,0,24,0,0,4,InitialAccess
0,-1,-1,-1,0,0,-1,0,-1,0,0,8,11,0,24,0,0,4,InitialAccess
0,-1,-1,-1,0,0,-1,0,-1,0,0,8,11,0,24,0,0,4,InitialAccess
0,-1,-1,-1,0,0,-1,0,-1,0,0,8,11,0,24,0,0,4,InitialAccess
0,-1,-1,-1,0,0,-1,0,-1,0,0,8,11,0,24,0,0,4,InitialAccess
0,-1,-1,-1,0,0,-1,0,-1,0,0,8,11,0,24,0,0,4,InitialAccess
0,-1,-1,-1,0,0,-1,0,-1,0,0,7,24,0,7,0,0,4,InitialAccess
0,-1,-1,-1,0,0,-1,0,-1,0,0,8,11,0,24,0,0,5,InitialAccess
0,-1,-1,-1,0,0,-1,0,-1,0,0,8,11,0,24,0,0,5,InitialAccess
0,-1,-1,-1,0,0,-1,0,-1,0,0,8,11,0,24,0,0,5,InitialAccess
0,-1,-1,-1,0,0,-1,0,-1,0,0,8,11,0,24,0,0,5,InitialAccess
0,-1,-1,-1,0,0,-1,0,-1,0,0,7,12,0,1,0,0,5,InitialAccess
1,-1,-1,-1,0,0,-1,0,-1,0,0,8,11,0,24,0,0,5,InitialAccess
0,-1,-1,-1,0,0,-1,0,-1,0,0,8,11,0,24,0,0,5,InitialAccess
1,-1,-1,-1,0,0,-1,0,-1,0,0,8,11,0,24,0,0,5,InitialAccess
0,-1,-1,-1,0,0,-1,0,-1,0,0,4,23,0,6,0,0,5,InitialAccess
1,-1,-1,-1,0,0,-1,0,-1,0,0,8,11,0,24,0,0,5,InitialAccess
0,-1,-1,-1,0,0,-1,0,-1,0,0,8,11,0,24,0,0,5,InitialAccess
0,-1,-1,-1,0,0,-1,0,-1,0,0,8,11,0,24,0,0,5,InitialAccess
1,-1,-1,-1,0,0,-1,0,-1,0,0,8,11,0,24,0,0,5,InitialAccess
0,-1,-1,-1,0,0,-1,0,-1,0,0,8,11,0,24,0,0,5,InitialAccess
1,-1,-1,-1,0,0,-1,0,-1,0,0,8,11,0,24,0,0,5,InitialAccess
1,-1,-1,-1,0,0,-1,0,-1,0,0,8,11,0,24,0,0,5,InitialAccess
1,-1,-1,-1,0,0,-1,0,-1,0,0,8,11,0,24,0,0,5,InitialAccess
1,-1,-1,-1,0,0,-1,0,-1,0,0,8,11,0,24,0,0,5,InitialAccess
1,-1,-1,-1,0,0,-1,0,-1,0,0,8,11,0,24,0,0,5,InitialAccess
0,-1,-1,-1,0,0,-1,0,-1,0,0,8,11,0,24,0,0,5,InitialAccess
1,-1,-1,-1,0,0,-1,0,-1,0,0,8,11,0,24,0,0,5,InitialAccess
1,-1,-1,-1,0,0,-1,0,-1,0,0,8,11,0,24,0,0,5,InitialAccess
1,-1,-1,-1,0,0,-1,0,-1,0,0,8,11,0,24,0,0,5,InitialAccess
0,-1,-1,-1,0,0,-1,0,-1,0,0,8,11,0,24,0,0,5,InitialAccess
1,-1,-1,-1,0,0,-1,0,-1,0,0,8,11,0,24,0,0,5,InitialAccess
1,-1,-1,-1,0,0,-1,0,-1,0,0,8,11,0,24,0,0,5,InitialAccess
0,-1,-1,-1,0,0,-1,0,-1,0,0,8,11,0,24,0,0,5,InitialAccess
1,-1,-1,-1,0,0,-1,0,-1,0,0,8,11,0,24,0,0,5,InitialAccess
0,-1,-1,-1,0,0,-1,0,-1,0,0,8,11,0,24,0,0,5,InitialAccess
1,-1,-1,-1,0,0,-1,0,-1,0,0,8,11,0,24,0,0,5,InitialAccess
1,-1,-1,-1,0,0,-1,0,-1,0,0,8,11,0,24,0,0,5,InitialAccess
1,-1,-1,-1,0,0,-1,0,-1,0,0,8,11,0,24,0,0,5,InitialAccess
1,-1,-1,-1,0,0,-1,0,-1,0,0,8,11,0,24,0,0,5,InitialAccess
0,-1,-1,-1,0,0,-1,0,-1,0,0,14,29,0,14,0,0,5,InitialAccess
0,-1,-1,-1,0,0,-1,0,-1,0,0,7,24,0,7,0,0,5,InitialAccess
1,-1,-1,-1,0,0,-1,0,-1,0,0,8,11,0,24,0,0,5,InitialAccess
1,-1,-1,-1,0,0,-1,0,-1,0,0,8,11,0,24,0,0,5,InitialAccess
0,-1,-1,-1,0,0,-1,0,-1,0,0,8,11,0,24,0,0,5,InitialAccess
0,-1,-1,-1,0,0,-1,0,-1,0,0,8,11,0,24,0,0,5,InitialAccess
0,-1,-1,-1,0,0,-1,0,-1,0,0,8,11,0,24,0,0,5,InitialAccess
0,-1,-1,-1,0,0,-1,0,-1,0,0,8,11,0,24,0,0,5,InitialAccess
1,-1,-1,-1,0,0,-1,0,-1,0,0,8,11,0,24,0,0,5,InitialAccess
1,-1,-1,-1,0,0,-1,0,-1,0,0,8,11,0,24,0,0,5,InitialAccess
1,-1,-1,-1,0,0,-1,0,-1,0,0,8,11,0,24,0,0,5,InitialAccess
1,-1,-1,-1,0,0,-1,0,-1,0,0,8,11,0,24,0,0,5,InitialAccess
1,-1,-1,-1,0,0,-1,0,-1,0,0,8,11,0,24,0,0,5,InitialAccess
1,-1,-1,-1,0,0,-1,0,-1,0,0,8,11,0,24,0,0,5,InitialAccess
1,-1,-1,-1,0,0,-1,0,-1,0,0,8,11,0,24,0,0,5,InitialAccess
1,-1,-1,-1,0,0,-1,0,-1,0,0,8,11,0,24,0,0,5,InitialAccess
1,-1,-1,-1,0,0,-1,0,-1,0,0,8,11,0,24,0,0,5,InitialAccess
1,-1,-1,-1,0,0,-1,0,-1,0,0,8,11,0,24,0,0,5,InitialAccess
1,-1,-1,-1,0,0,-1,0,-1,0,0,8,11,0,24,0,0,5,InitialAccess
1,-1,-1,-1,0,0,-1,0,-1,0,0,8,11,0,24,0,0,5,InitialAccess
1,-1,-1,-1,0,0,-1,0,-1,0,0,8,11,0,24,0,0,5,InitialAccess
1,-1,-1,-1,0,0,-1,0,-1,0,0,8,11,0,24,0,0,5,InitialAccess
1,-1,-1,-1,0,0,-1,0,-1,0,0,8,11,0,24,0,0,5,InitialAccess
1,-1,-1,-1,0,0,-1,0,-1,0,0,8,11,0,24,0,0,5,InitialAccess
1,-1,-1,-1,0,0,-1,0,-1,0,0,8,11,0,24,0,0,5,InitialAccess
0,-1,-1,-1,0,0,-1,0,-1,0,0,7,24,0,7,0,0,5,InitialAccess
1,-1,-1,-1,0,0,-1,0,-1,0,0,8,11,0,24,0,0,22,InitialAccess
1,-1,-1,-1,0,0,-1,0,-1,0,0,8,11,0,24,0,0,22,InitialAccess
1,-1,-1,-1,0,0,-1,0,-1,0,0,8,11,0,24,0,0,22,InitialAccess
1,-1,-1,-1,0,0,-1,0,-1,0,0,8,11,0,24,0,0,22,InitialAccess
1,-1,-1,-1,0,0,-1,0,-1,0,0,8,11,0,24,0,0,22,InitialAccess
1,-1,-1,-1,0,0,-1,0,-1,0,0,8,11,0,24,0,0,22,InitialAccess
1,-1,-1,-1,0,0,-1,0,-1,0,0,8,11,0,24,0,0,22,InitialAccess
1,-1,-1,-1,0,0,-1,0,-1,0,0,8,11,0,24,0,0,22,InitialAccess
0,-1,-1,-1,0,0,-1,0,-1,0,0,8,11,0,24,0,0,6,InitialAccess
0,-1,-1,-1,0,0,-1,0,-1,0,0,8,11,0,24,0,0,6,InitialAccess
0,-1,-1,-1,0,0,-1,0,-1,0,0,14,29,0,14,0,0,22,InitialAccess
0,-1,-1,-1,0,0,-1,0,-1,0,0,8,11,0,24,0,0,22,InitialAccess
0,-1,-1,-1,0,0,-1,0,-1,0,0,8,11,0,24,0,0,22,InitialAccess
1,-1,-1,-1,0,0,-1,0,-1,0,0,8,11,0,24,0,0,22,InitialAccess
1,-1,-1,-1,0,0,-1,0,-1,0,0,8,11,0,24,0,0,22,InitialAccess
0,-1,-1,-1,0,0,-1,0,-1,0,0,8,11,0,24,0,0,22,InitialAccess
0,-1,-1,-1,0,0,-1,0,-1,0,0,8,11,0,24,0,0,22,InitialAccess
0,-1,-1,-1,0,0,-1,0,-1,0,0,8,11,0,24,0,0,0,InitialAccess
0,-1,-1,-1,0,0,-1,0,-1,0,0,8,11,0,24,0,0,0,InitialAccess
0,-1,-1,-1,0,0,-1,0,-1,0,0,8,11,0,24,0,0,0,InitialAccess
0,-1,-1,-1,0,0,-1,0,-1,0,0,8,11,0,24,0,0,0,InitialAccess
0,-1,-1,-1,0,0,-1,0,-1,0,0,8,11,0,24,0,0,0,InitialAccess
0,-1,-1,-1,0,0,-1,0,-1,0,0,1,27,0,26,0,0,0,InitialAccess
0,-1,-1,-1,0,0,-1,0,-1,0,0,7,24,0,7,0,0,0,InitialAccess
0,-1,-1,-1,0,0,-1,0,-1,0,0,8,11,0,24,0,0,0,InitialAccess
0,-1,-1,-1,0,0,-1,0,-1,0,0,8,11,0,24,0,0,0,InitialAccess
0,-1,-1,-1,0,0,-1,0,-1,0,0,8,11,0,24,0,0,0,InitialAccess
1,-1,-1,-1,0,0,-1,0,-1,0,0,8,11,0,24,0,0,22,InitialAccess
1,-1,-1,-1,0,0,-1,0,-1,0,0,8,11,0,24,0,0,22,InitialAccess
0,-1,-1,-1,0,0,-1,0,-1,0,0,8,11,0,24,0,0,6,InitialAccess
1,-1,-1,-1,0,0,-1,0,-1,0,0,8,11,0,24,0,0,22,InitialAccess
0,-1,-1,-1,0,0,-1,0,-1,0,0,8,11,0,24,0,0,6,InitialAccess
1,-1,-1,-1,0,0,-1,0,-1,0,0,8,11,0,24,0,0,22,InitialAccess
1,-1,-1,-1,0,0,-1,0,-1,0,0,8,11,0,24,0,0,22,InitialAccess
1,-1,-1,-1,0,0,-1,0,-1,0,0,8,11,0,24,0,0,22,InitialAccess
1,-1,-1,-1,0,0,-1,0,-1,0,0,8,11,0,24,0,0,22,InitialAccess
1,-1,-1,-1,0,0,-1,0,-1,0,0,8,11,0,24,0,0,22,InitialAccess
1,-1,-1,-1,0,0,-1,0,-1,0,0,8,11,0,24,0,0,22,InitialAccess
1,-1,-1,-1,0,0,-1,0,-1,0,0,8,11,0,24,0,0,22,InitialAccess
0,-1,-1,-1,0,0,-1,0,-1,0,0,8,11,0,24,0,0,23,InitialAccess
0,-1,-1,-1,0,0,-1,0,-1,0,0,8,11,0,24,0,0,23,InitialAccess
0,-1,-1,-1,0,0,-1,0,-1,0,0,8,11,0,24,0,0,23,InitialAccess
0,-1,-1,-1,0,0,-1,0,-1,0,0,0,0,0,10,0,0,23,InitialAccess
0,-1,-1,-1,0,0,-1,0,-1,0,0,8,11,0,24,0,0,23,InitialAccess
0,-1,-1,-1,0,0,-1,0,-1,0,0,7,24,0,7,0,0,23,InitialAccess
0,-1,-1,-1,0,0,-1,0,-1,0,0,8,11,0,24,0,0,23,InitialAccess
0,-1,-1,-1,0,0,-1,0,-1,0,0,8,11,0,24,0,0,23,InitialAccess
0,-1,-1,-1,0,0,-1,0,-1,0,0,8,11,0,24,0,0,23,InitialAccess
0,-1,-1,-1,0,0,-1,0,-1,0,0,8,11,0,24,0,0,23,InitialAccess
1,-1,-1,-1,0,0,-1,0,-1,0,0,8,11,0,24,0,0,23,InitialAccess
1,-1,-1,-1,0,0,-1,0,-1,0,0,8,11,0,24,0,0,23,InitialAccess
0,-1,-1,-1,0,0,-1,0,-1,0,0,8,11,0,24,0,0,23,InitialAccess
0,-1,-1,-1,0,0,-1,0,-1,0,0,4,23,0,6,0,0,23,InitialAccess
1,-1,-1,-1,0,0,-1,0,-1,0,0,8,11,0,24,0,0,23,InitialAccess
0,-1,-1,-1,0,0,-1,0,-1,0,0,8,11,0,24,0,0,23,InitialAccess
1,-1,-1,-1,0,0,-1,0,-1,0,0,8,11,0,24,0,0,23,InitialAccess
0,-1,-1,-1,0,0,-1,0,-1,0,0,8,11,0,24,0,0,23,InitialAccess
0,-1,-1,-1,0,0,-1,0,-1,0,0,8,11,0,24,0,0,23,InitialAccess
0,-1,-1,-1,0,0,-1,0,-1,0,0,8,11,0,24,0,0,23,InitialAccess
0,-1,-1,-1,0,0,-1,0,-1,0,0,8,11,0,24,0,0,23,InitialAccess
0,-1,-1,-1,0,0,-1,0,-1,0,0,8,11,0,24,0,0,23,InitialAccess
0,-1,-1,-1,0,0,-1,0,-1,0,0,8,11,0,24,0,0,23,InitialAccess
0,-1,-1,-1,0,0,-1,0,-1,0,0,7,12,0,1,0,0,23,InitialAccess
0,-1,-1,-1,0,0,-1,0,-1,0,0,8,11,0,24,0,0,23,InitialAccess
0,-1,-1,-1,0,0,-1,0,-1,0,0,8,11,0,24,0,0,23,InitialAccess
0,-1,-1,-1,0,0,-1,0,-1,0,0,8,11,0,24,0,0,23,InitialAccess
0,-1,-1,-1,0,0,-1,0,-1,0,0,8,11,0,24,0,0,23,InitialAccess
0,-1,-1,-1,0,0,-1,0,-1,0,0,0,0,0,10,0,0,0,InitialAccess
0,-1,-1,-1,0,0,-1,0,-1,0,0,8,11,0,24,0,0,0,InitialAccess
0,-1,-1,-1,0,0,-1,0,-1,0,0,8,21,0,2,0,0,0,InitialAccess
0,-1,-1,-1,0,0,-1,0,-1,0,0,8,11,0,24,0,0,0,InitialAccess
0,-1,-1,-1,0,0,-1,0,-1,0,0,7,10,0,21,0,0,0,InitialAccess
1,-1,-1,-1,0,0,-1,0,-1,0,0,8,11,0,24,0,0,0,InitialAccess
0,-1,-1,-1,0,0,-1,0,-1,0,0,8,11,0,24,0,0,0,InitialAccess
1,-1,-1,-1,0,0,-1,0,-1,0,0,8,11,0,24,0,0,0,InitialAccess
0,-1,-1,-1,0,0,-1,0,-1,0,0,8,11,0,24,0,0,0,InitialAccess
0,-1,-1,-1,0,0,-1,0,-1,0,0,8,11,0,24,0,0,0,InitialAccess
0,-1,-1,-1,0,0,-1,0,-1,0,0,14,29,0,14,0,0,0,InitialAccess
0,-1,-1,-1,0,0,-1,0,-1,0,0,8,11,0,24,0,0,0,InitialAccess
0,-1,-1,-1,0,0,-1,0,-1,0,0,8,11,0,24,0,0,0,InitialAccess
0,-1,-1,-1,0,0,-1,0,-1,0,0,4,23,0,6,0,0,0,InitialAccess
1,-1,-1,-1,0,0,-1,0,-1,0,0,8,11,0,24,0,0,0,InitialAccess
1,-1,-1,-1,0,0,-1,0,-1,0,0,8,11,0,24,0,0,0,InitialAccess
1,-1,-1,-1,0,0,-1,0,-1,0,0,8,11,0,24,0,0,0,InitialAccess
1,-1,-1,-1,0,0,-1,0,-1,0,0,8,11,0,24,0,0,0,InitialAccess
0,-1,-1,-1,0,0,-1,0,-1,0,0,8,11,0,24,0,0,0,InitialAccess
0,-1,-1,-1,0,0,-1,0,-1,0,0,8,11,0,24,0,0,0,InitialAccess
1,-1,-1,-1,0,0,-1,0,-1,0,0,8,11,0,24,0,0,0,InitialAccess
0,-1,-1,-1,0,0,-1,0,-1,0,0,8,11,0,24,0,0,0,InitialAccess
0,-1,-1,-1,0,0,-1,0,-1,0,0,8,11,0,24,0,0,0,InitialAccess
1,-1,-1,-1,0,0,-1,0,-1,0,0,8,11,0,24,0,0,0,InitialAccess
0,-1,-1,-1,0,0,-1,0,-1,0,0,8,11,0,24,0,0,0,InitialAccess
0,-1,-1,-1,0,0,-1,0,-1,0,0,8,11,0,24,0,0,0,InitialAccess
0,-1,-1,-1,0,0,-1,0,-1,0,0,8,11,0,24,0,0,0,InitialAccess
0,-1,-1,-1,0,0,-1,0,-1,0,0,8,11,0,24,0,0,0,InitialAccess
0,-1,-1,-1,0,0,-1,0,-1,0,0,8,11,0,24,0,0,0,InitialAccess
0,-1,-1,-1,0,0,-1,0,-1,0,0,7,24,0,7,0,0,0,InitialAccess
0,-1,-1,-1,0,0,-1,0,-1,0,0,8,11,0,24,0,0,0,InitialAccess
0,-1,-1,-1,0,0,-1,0,-1,0,0,8,11,0,24,0,0,0,InitialAccess
