Timestamp,DeviceId,DeviceName,IpAddress,AccountSid,AccountUpn,AccountObjectId,AccountName,ApplicationId,ApplicationName,OSFamily,OSVersion,FileName,FolderPath,Category,AlertTitle,DetectorId,AlertId,IncidentId
2025-03-11T15:38:23.5709023-07:00,94454220-1F68-4D00-A054-75EA15542CB6,SOC-ENDPOINT,192.168.31.250,S-1-5-21-3668646789-1015520123-2189852209-1001,abdul@SOC-ENDPOINT,S-1-5-21-3668646789-1015520123-2189852209-1001,abdul,,,Microsoft Windows 11 Pro,10.0.26100,,,Winlog,Security,customFilebeat,3c4c6a3d-ee70-4f6a-a75d-2a05500e1a29,WinlogEvent
2025-03-11T15:38:24.3114138-07:00,94454220-1F68-4D00-A054-75EA15542CB6,SOC-ENDPOINT,192.168.31.250,S-1-5-21-3668646789-1015520123-2189852209-1001,abdul@SOC-ENDPOINT,S-1-5-21-3668646789-1015520123-2189852209-1001,abdul,10.0.26100.1 (WinBuild.160101.0800),C:\Windows\System32\WindowsPowerShell\v1.0\powershell.exe,Microsoft Windows 11 Pro,10.0.26100,,Windows PowerShell,ProcessCreate,Microsoft-Windows-Sysmon/Operational,customFilebeat,1646c930-321e-44d3-ac5a-327371f6f465,SysmonEvent
2025-03-11T15:38:23.5709311-07:00,94454220-1F68-4D00-A054-75EA15542CB6,SOC-ENDPOINT,192.168.31.250,S-1-5-21-3668646789-1015520123-2189852209-1001,abdul@SOC-ENDPOINT,S-1-5-21-3668646789-1015520123-2189852209-1001,abdul,,,Microsoft Windows 11 Pro,10.0.26100,,,Winlog,Security,customFilebeat,ed886ad2-b851-4ebd-9aff-477bd837c98b,WinlogEvent
2025-03-11T15:38:24.3118428-07:00,94454220-1F68-4D00-A054-75EA15542CB6,SOC-ENDPOINT,192.168.31.250,S-1-5-21-3668646789-1015520123-2189852209-1001,abdul@SOC-ENDPOINT,S-1-5-21-3668646789-1015520123-2189852209-1001,abdul,10.0.26100.1 (WinBuild.160101.0800),C:\Windows\System32\WindowsPowerShell\v1.0\powershell.exe,Microsoft Windows 11 Pro,10.0.26100,,Windows PowerShell,ProcessCreate,Microsoft-Windows-Sysmon/Operational,customFilebeat,bd257951-509c-4e88-b114-bfedd9c134f0,SysmonEvent
2025-03-11T15:38:23.2652257-07:00,94454220-1F68-4D00-A054-75EA15542CB6,SOC-ENDPOINT,192.168.31.250,S-1-5-21-3668646789-1015520123-2189852209-1001,abdul@SOC-ENDPOINT,S-1-5-21-3668646789-1015520123-2189852209-1001,abdul,1309.2501.23012.0,C:\Windows\UUS\arm64\MoUsoCoreWorker.exe,Microsoft Windows 11 Pro,10.0.26100,,MoUSO Core Worker Process,ProcessCreate,Microsoft-Windows-Sysmon/Operational,customFilebeat,afd64ac8-392f-4d42-89f1-de15d66b4b66,SysmonEvent
2025-03-11T15:38:24.5215927-07:00,94454220-1F68-4D00-A054-75EA15542CB6,SOC-ENDPOINT,192.168.31.250,S-1-5-21-3668646789-1015520123-2189852209-1001,abdul@SOC-ENDPOINT,S-1-5-21-3668646789-1015520123-2189852209-1001,abdul,,,Microsoft Windows 11 Pro,10.0.26100,-,,FileCreate,Microsoft-Windows-Sysmon/Operational,customFilebeat,3902aa4b-3197-43d6-a2e6-24c2ee8fbee9,SysmonEvent
2025-03-11T15:30:36.8507107-07:00,94454220-1F68-4D00-A054-75EA15542CB6,SOC-ENDPOINT,192.168.31.250,S-1-5-21-3668646789-1015520123-2189852209-1001,abdul@SOC-ENDPOINT,S-1-5-21-3668646789-1015520123-2189852209-1001,abdul,,,Microsoft Windows 11 Pro,10.0.26100,,,Winlog,Security,customFilebeat,67ebf76f-8430-4c0a-981b-3b2e9d9b620c,WinlogEvent
2025-03-11T15:30:36.9286266-07:00,94454220-1F68-4D00-A054-75EA15542CB6,SOC-ENDPOINT,192.168.31.250,S-1-5-21-3668646789-1015520123-2189852209-1001,abdul@SOC-ENDPOINT,S-1-5-21-3668646789-1015520123-2189852209-1001,abdul,,,Microsoft Windows 11 Pro,10.0.26100,,,Winlog,Security,customFilebeat,029adf8e-f0ea-48ed-a46a-d5dfd9f689f7,WinlogEvent
2025-03-11T15:30:36.8493800-07:00,94454220-1F68-4D00-A054-75EA15542CB6,SOC-ENDPOINT,192.168.31.250,S-1-5-21-3668646789-1015520123-2189852209-1001,abdul@SOC-ENDPOINT,S-1-5-21-3668646789-1015520123-2189852209-1001,abdul,,,Microsoft Windows 11 Pro,10.0.26100,,,Winlog,Security,customFilebeat,9a06c447-bd14-4d4c-88d7-11ec6184e045,WinlogEvent
2025-03-11T15:30:36.9269199-07:00,94454220-1F68-4D00-A054-75EA15542CB6,SOC-ENDPOINT,192.168.31.250,S-1-5-21-3668646789-1015520123-2189852209-1001,abdul@SOC-ENDPOINT,S-1-5-21-3668646789-1015520123-2189852209-1001,abdul,,,Microsoft Windows 11 Pro,10.0.26100,,,Winlog,Security,customFilebeat,6587aac0-084e-4a69-8ab9-3edd3c05e4b6,WinlogEvent
2025-03-11T15:30:36.8214086-07:00,94454220-1F68-4D00-A054-75EA15542CB6,SOC-ENDPOINT,192.168.31.250,S-1-5-21-3668646789-1015520123-2189852209-1001,abdul@SOC-ENDPOINT,S-1-5-21-3668646789-1015520123-2189852209-1001,abdul,,,Microsoft Windows 11 Pro,10.0.26100,,,Winlog,Security,customFilebeat,e6c817ae-150c-465d-a52a-cfea6dc93386,WinlogEvent
2025-03-11T15:30:36.9267448-07:00,94454220-1F68-4D00-A054-75EA15542CB6,SOC-ENDPOINT,192.168.31.250,S-1-5-21-3668646789-1015520123-2189852209-1001,abdul@SOC-ENDPOINT,S-1-5-21-3668646789-1015520123-2189852209-1001,abdul,,,Microsoft Windows 11 Pro,10.0.26100,,,Winlog,Security,customFilebeat,d12dd6d6-f3a9-427d-960e-733fc25ab098,WinlogEvent
2025-03-11T15:30:36.8494653-07:00,94454220-1F68-4D00-A054-75EA15542CB6,SOC-ENDPOINT,192.168.31.250,S-1-5-21-3668646789-1015520123-2189852209-1001,abdul@SOC-ENDPOINT,S-1-5-21-3668646789-1015520123-2189852209-1001,abdul,,,Microsoft Windows 11 Pro,10.0.26100,,,Winlog,Security,customFilebeat,62988f94-643a-4410-98b6-f78c71929fd4,WinlogEvent
2025-03-11T15:30:36.9284445-07:00,94454220-1F68-4D00-A054-75EA15542CB6,SOC-ENDPOINT,192.168.31.250,S-1-5-21-3668646789-1015520123-2189852209-1001,abdul@SOC-ENDPOINT,S-1-5-21-3668646789-1015520123-2189852209-1001,abdul,,,Microsoft Windows 11 Pro,10.0.26100,,,Winlog,Security,customFilebeat,9c0ae0f4-023e-43ab-83a6-b00bfc3b0b31,WinlogEvent
2025-03-11T15:30:36.8215697-07:00,94454220-1F68-4D00-A054-75EA15542CB6,SOC-ENDPOINT,192.168.31.250,S-1-5-21-3668646789-1015520123-2189852209-1001,abdul@SOC-ENDPOINT,S-1-5-21-3668646789-1015520123-2189852209-1001,abdul,,,Microsoft Windows 11 Pro,10.0.26100,,,Winlog,Security,customFilebeat,f89ff211-e03e-4945-a951-123e7a1c7719,WinlogEvent
2025-03-11T15:30:36.9077497-07:00,94454220-1F68-4D00-A054-75EA15542CB6,SOC-ENDPOINT,192.168.31.250,S-1-5-21-3668646789-1015520123-2189852209-1001,abdul@SOC-ENDPOINT,S-1-5-21-3668646789-1015520123-2189852209-1001,abdul,,,Microsoft Windows 11 Pro,10.0.26100,,,Winlog,Security,customFilebeat,fc74d32a-9e3d-4e60-a1ea-98aa8a3ef09b,WinlogEvent
2025-03-11T15:30:36.9066518-07:00,94454220-1F68-4D00-A054-75EA15542CB6,SOC-ENDPOINT,192.168.31.250,S-1-5-21-3668646789-1015520123-2189852209-1001,abdul@SOC-ENDPOINT,S-1-5-21-3668646789-1015520123-2189852209-1001,abdul,,,Microsoft Windows 11 Pro,10.0.26100,,,Winlog,Security,customFilebeat,87eec5fd-3e66-4e04-b317-499bc2f6c39c,WinlogEvent
2025-03-11T16:39:08.7311335-07:00,94454220-1F68-4D00-A054-75EA15542CB6,SOC-ENDPOINT,192.168.31.250,S-1-5-21-3668646789-1015520123-2189852209-1001,abdul@SOC-ENDPOINT,S-1-5-21-3668646789-1015520123-2189852209-1001,abdul,10.0.26100.1 (WinBuild.160101.0800),C:\Windows\System32\WindowsPowerShell\v1.0\powershell.exe,Microsoft Windows 11 Pro,10.0.26100,,Windows PowerShell,ProcessCreate,Microsoft-Windows-Sysmon/Operational,customFilebeat,085743ef-efb7-4e95-89ef-cf9bc800b322,SysmonEvent
2025-03-11T16:45:49.8403545-07:00,94454220-1F68-4D00-A054-75EA15542CB6,SOC-ENDPOINT,192.168.31.250,S-1-5-21-3668646789-1015520123-2189852209-1001,abdul@SOC-ENDPOINT,S-1-5-21-3668646789-1015520123-2189852209-1001,abdul,10.0.26100.2033 (WinBuild.160101.0800),C:\Windows\System32\svchost.exe,Microsoft Windows 11 Pro,10.0.26100,,Host Process for Windows Services,ProcessCreate,Microsoft-Windows-Sysmon/Operational,customFilebeat,1a8355af-a06c-4bee-9256-3c1fc588f4d6,SysmonEvent
2025-03-11T16:51:12.5387972-07:00,94454220-1F68-4D00-A054-75EA15542CB6,SOC-ENDPOINT,192.168.31.250,S-1-5-21-3668646789-1015520123-2189852209-1001,abdul@SOC-ENDPOINT,S-1-5-21-3668646789-1015520123-2189852209-1001,abdul,10.0.26100.2033 (WinBuild.160101.0800),C:\Windows\System32\svchost.exe,Microsoft Windows 11 Pro,10.0.26100,,Host Process for Windows Services,ProcessCreate,Microsoft-Windows-Sysmon/Operational,customFilebeat,6fa1e30e-f89f-4813-b7b6-b5d5b6480282,SysmonEvent
2025-03-11T16:45:50.8912948-07:00,94454220-1F68-4D00-A054-75EA15542CB6,SOC-ENDPOINT,192.168.31.250,S-1-5-21-3668646789-1015520123-2189852209-1001,abdul@SOC-ENDPOINT,S-1-5-21-3668646789-1015520123-2189852209-1001,abdul,10.0.26100.1 (WinBuild.160101.0800),C:\Windows\System32\WindowsPowerShell\v1.0\powershell.exe,Microsoft Windows 11 Pro,10.0.26100,,Windows PowerShell,ProcessCreate,Microsoft-Windows-Sysmon/Operational,customFilebeat,b18cff5c-f2a9-4f6f-9779-1fffd3af5d78,SysmonEvent
2025-03-11T16:51:13.6289423-07:00,94454220-1F68-4D00-A054-75EA15542CB6,SOC-ENDPOINT,192.168.31.250,S-1-5-21-3668646789-1015520123-2189852209-1001,abdul@SOC-ENDPOINT,S-1-5-21-3668646789-1015520123-2189852209-1001,abdul,10.0.26100.1 (WinBuild.160101.0800),C:\Windows\System32\WindowsPowerShell\v1.0\powershell.exe,Microsoft Windows 11 Pro,10.0.26100,,Windows PowerShell,ProcessCreate,Microsoft-Windows-Sysmon/Operational,customFilebeat,9f73f97f-288e-4bfe-8e7b-cbb330d6f55f,SysmonEvent
2025-03-11T16:51:13.6293840-07:00,94454220-1F68-4D00-A054-75EA15542CB6,SOC-ENDPOINT,192.168.31.250,S-1-5-21-3668646789-1015520123-2189852209-1001,abdul@SOC-ENDPOINT,S-1-5-21-3668646789-1015520123-2189852209-1001,abdul,10.0.26100.1 (WinBuild.160101.0800),C:\Windows\System32\WindowsPowerShell\v1.0\powershell.exe,Microsoft Windows 11 Pro,10.0.26100,,Windows PowerShell,ProcessCreate,Microsoft-Windows-Sysmon/Operational,customFilebeat,ca23ca11-a30c-4d17-abf0-b8fb13f10f2e,SysmonEvent
2025-03-11T16:51:12.4779439-07:00,94454220-1F68-4D00-A054-75EA15542CB6,SOC-ENDPOINT,192.168.31.250,S-1-5-21-3668646789-1015520123-2189852209-1001,abdul@SOC-ENDPOINT,S-1-5-21-3668646789-1015520123-2189852209-1001,abdul,,,Microsoft Windows 11 Pro,10.0.26100,,,Winlog,Security,customFilebeat,ee1e794b-379d-45b7-8950-dec6826c7acc,WinlogEvent
2025-03-11T16:51:12.4779894-07:00,94454220-1F68-4D00-A054-75EA15542CB6,SOC-ENDPOINT,192.168.31.250,S-1-5-21-3668646789-1015520123-2189852209-1001,abdul@SOC-ENDPOINT,S-1-5-21-3668646789-1015520123-2189852209-1001,abdul,,,Microsoft Windows 11 Pro,10.0.26100,,,Winlog,Security,customFilebeat,2837ab6a-b945-44cd-9848-4cdf903517b5,WinlogEvent
2025-03-11T16:51:13.7943305-07:00,94454220-1F68-4D00-A054-75EA15542CB6,SOC-ENDPOINT,192.168.31.250,S-1-5-21-3668646789-1015520123-2189852209-1001,abdul@SOC-ENDPOINT,S-1-5-21-3668646789-1015520123-2189852209-1001,abdul,,,Microsoft Windows 11 Pro,10.0.26100,-,,FileCreate,Microsoft-Windows-Sysmon/Operational,customFilebeat,059f3473-bc6a-4496-81a3-8593188dc0f3,SysmonEvent
2025-03-11T16:51:13.8432668-07:00,94454220-1F68-4D00-A054-75EA15542CB6,SOC-ENDPOINT,192.168.31.250,S-1-5-21-3668646789-1015520123-2189852209-1001,abdul@SOC-ENDPOINT,S-1-5-21-3668646789-1015520123-2189852209-1001,abdul,,,Microsoft Windows 11 Pro,10.0.26100,-,,FileCreate,Microsoft-Windows-Sysmon/Operational,customFilebeat,733da82c-a0f1-44de-b507-bf71bf5e1166,SysmonEvent
2025-03-11T16:39:08.7300896-07:00,94454220-1F68-4D00-A054-75EA15542CB6,SOC-ENDPOINT,192.168.31.250,S-1-5-21-3668646789-1015520123-2189852209-1001,abdul@SOC-ENDPOINT,S-1-5-21-3668646789-1015520123-2189852209-1001,abdul,10.0.26100.1 (WinBuild.160101.0800),C:\Windows\System32\WindowsPowerShell\v1.0\powershell.exe,Microsoft Windows 11 Pro,10.0.26100,,Windows PowerShell,ProcessCreate,Microsoft-Windows-Sysmon/Operational,customFilebeat,23084034-d94c-48f0-9ee6-95193aa73ac6,SysmonEvent
2025-03-11T16:45:50.8906106-07:00,94454220-1F68-4D00-A054-75EA15542CB6,SOC-ENDPOINT,192.168.31.250,S-1-5-21-3668646789-1015520123-2189852209-1001,abdul@SOC-ENDPOINT,S-1-5-21-3668646789-1015520123-2189852209-1001,abdul,10.0.26100.1 (WinBuild.160101.0800),C:\Windows\System32\WindowsPowerShell\v1.0\powershell.exe,Microsoft Windows 11 Pro,10.0.26100,,Windows PowerShell,ProcessCreate,Microsoft-Windows-Sysmon/Operational,customFilebeat,3c5fe533-fa2b-4d3d-b6cb-bbf92aebf846,SysmonEvent
2025-03-11T16:45:49.6833584-07:00,94454220-1F68-4D00-A054-75EA15542CB6,SOC-ENDPOINT,192.168.31.250,S-1-5-21-3668646789-1015520123-2189852209-1001,abdul@SOC-ENDPOINT,S-1-5-21-3668646789-1015520123-2189852209-1001,abdul,,,Microsoft Windows 11 Pro,10.0.26100,,,Winlog,Security,customFilebeat,0d4c427e-a7d1-49ae-87f4-1105f2d64d6a,WinlogEvent
2025-03-11T16:45:49.8311018-07:00,94454220-1F68-4D00-A054-75EA15542CB6,SOC-ENDPOINT,192.168.31.250,S-1-5-21-3668646789-1015520123-2189852209-1001,abdul@SOC-ENDPOINT,S-1-5-21-3668646789-1015520123-2189852209-1001,abdul,,,Microsoft Windows 11 Pro,10.0.26100,,,Winlog,Security,customFilebeat,5e9371f5-1ceb-4598-a6bf-f9e5e4ebfdeb,WinlogEvent
2025-03-11T16:45:49.6833939-07:00,94454220-1F68-4D00-A054-75EA15542CB6,SOC-ENDPOINT,192.168.31.250,S-1-5-21-3668646789-1015520123-2189852209-1001,abdul@SOC-ENDPOINT,S-1-5-21-3668646789-1015520123-2189852209-1001,abdul,,,Microsoft Windows 11 Pro,10.0.26100,,,Winlog,Security,customFilebeat,47ada454-623d-41c1-b679-db248eb93834,WinlogEvent
2025-03-11T16:45:49.8311094-07:00,94454220-1F68-4D00-A054-75EA15542CB6,SOC-ENDPOINT,192.168.31.250,S-1-5-21-3668646789-1015520123-2189852209-1001,abdul@SOC-ENDPOINT,S-1-5-21-3668646789-1015520123-2189852209-1001,abdul,,,Microsoft Windows 11 Pro,10.0.26100,,,Winlog,Security,customFilebeat,f4ea44d2-bbe4-4b5d-a1e0-0ef0a4d58324,WinlogEvent
2025-03-11T16:39:08.9862865-07:00,94454220-1F68-4D00-A054-75EA15542CB6,SOC-ENDPOINT,192.168.31.250,S-1-5-21-3668646789-1015520123-2189852209-1001,abdul@SOC-ENDPOINT,S-1-5-21-3668646789-1015520123-2189852209-1001,abdul,,,Microsoft Windows 11 Pro,10.0.26100,-,,FileCreate,Microsoft-Windows-Sysmon/Operational,customFilebeat,8211fa18-238c-406b-bf0e-7e90e997df3d,SysmonEvent
2025-03-11T16:39:09.0706073-07:00,94454220-1F68-4D00-A054-75EA15542CB6,SOC-ENDPOINT,192.168.31.250,S-1-5-21-3668646789-1015520123-2189852209-1001,abdul@SOC-ENDPOINT,S-1-5-21-3668646789-1015520123-2189852209-1001,abdul,,,Microsoft Windows 11 Pro,10.0.26100,-,,FileCreate,Microsoft-Windows-Sysmon/Operational,customFilebeat,1a2dc567-21c7-4624-9e93-f4400d621859,SysmonEvent
2025-03-11T16:45:51.2177006-07:00,94454220-1F68-4D00-A054-75EA15542CB6,SOC-ENDPOINT,192.168.31.250,S-1-5-21-3668646789-1015520123-2189852209-1001,abdul@SOC-ENDPOINT,S-1-5-21-3668646789-1015520123-2189852209-1001,abdul,,,Microsoft Windows 11 Pro,10.0.26100,-,,FileCreate,Microsoft-Windows-Sysmon/Operational,customFilebeat,01d8ae69-b294-4b66-8074-a73f3743a0b6,SysmonEvent
2025-03-11T16:45:51.1046290-07:00,94454220-1F68-4D00-A054-75EA15542CB6,SOC-ENDPOINT,192.168.31.250,S-1-5-21-3668646789-1015520123-2189852209-1001,abdul@SOC-ENDPOINT,S-1-5-21-3668646789-1015520123-2189852209-1001,abdul,,,Microsoft Windows 11 Pro,10.0.26100,-,,FileCreate,Microsoft-Windows-Sysmon/Operational,customFilebeat,ad3e8590-6f13-4caf-b145-195669328a85,SysmonEvent
2025-03-11T16:58:11.5956791-07:00,94454220-1F68-4D00-A054-75EA15542CB6,SOC-ENDPOINT,192.168.31.250,S-1-5-21-3668646789-1015520123-2189852209-1001,abdul@SOC-ENDPOINT,S-1-5-21-3668646789-1015520123-2189852209-1001,abdul,10.0.26100.1 (WinBuild.160101.0800),C:\Windows\System32\WindowsPowerShell\v1.0\powershell.exe,Microsoft Windows 11 Pro,10.0.26100,,Windows PowerShell,ProcessCreate,Microsoft-Windows-Sysmon/Operational,customFilebeat,a0d56d70-7433-494c-9ec8-a271ef15aa30,SysmonEvent
2025-03-11T16:58:10.5242291-07:00,94454220-1F68-4D00-A054-75EA15542CB6,SOC-ENDPOINT,192.168.31.250,S-1-5-21-3668646789-1015520123-2189852209-1001,abdul@SOC-ENDPOINT,S-1-5-21-3668646789-1015520123-2189852209-1001,abdul,1309.2501.23012.0,C:\Windows\UUS\arm64\MoUsoCoreWorker.exe,Microsoft Windows 11 Pro,10.0.26100,,MoUSO Core Worker Process,ProcessCreate,Microsoft-Windows-Sysmon/Operational,customFilebeat,f350dda4-07c7-46dd-adc9-975688abc041,SysmonEvent
2025-03-11T16:58:11.5953063-07:00,94454220-1F68-4D00-A054-75EA15542CB6,SOC-ENDPOINT,192.168.31.250,S-1-5-21-3668646789-1015520123-2189852209-1001,abdul@SOC-ENDPOINT,S-1-5-21-3668646789-1015520123-2189852209-1001,abdul,10.0.26100.1 (WinBuild.160101.0800),C:\Windows\System32\WindowsPowerShell\v1.0\powershell.exe,Microsoft Windows 11 Pro,10.0.26100,,Windows PowerShell,ProcessCreate,Microsoft-Windows-Sysmon/Operational,customFilebeat,99abfdc9-293e-4b2b-89bd-81d17def3aed,SysmonEvent
2025-03-11T16:58:10.7445783-07:00,94454220-1F68-4D00-A054-75EA15542CB6,SOC-ENDPOINT,192.168.31.250,S-1-5-21-3668646789-1015520123-2189852209-1001,abdul@SOC-ENDPOINT,S-1-5-21-3668646789-1015520123-2189852209-1001,abdul,,,Microsoft Windows 11 Pro,10.0.26100,,,Winlog,Security,customFilebeat,f5957eaa-305e-4a94-baba-13e4bc6dd720,WinlogEvent
2025-03-11T16:58:10.7446031-07:00,94454220-1F68-4D00-A054-75EA15542CB6,SOC-ENDPOINT,192.168.31.250,S-1-5-21-3668646789-1015520123-2189852209-1001,abdul@SOC-ENDPOINT,S-1-5-21-3668646789-1015520123-2189852209-1001,abdul,,,Microsoft Windows 11 Pro,10.0.26100,,,Winlog,Security,customFilebeat,77c70601-c853-4deb-b063-03f2e1fcab2a,WinlogEvent
2025-03-11T16:58:11.8151218-07:00,94454220-1F68-4D00-A054-75EA15542CB6,SOC-ENDPOINT,192.168.31.250,S-1-5-21-3668646789-1015520123-2189852209-1001,abdul@SOC-ENDPOINT,S-1-5-21-3668646789-1015520123-2189852209-1001,abdul,,,Microsoft Windows 11 Pro,10.0.26100,-,,FileCreate,Microsoft-Windows-Sysmon/Operational,customFilebeat,346362b7-497b-466e-9a29-1b925b972280,SysmonEvent
2025-03-11T16:58:11.7257215-07:00,94454220-1F68-4D00-A054-75EA15542CB6,SOC-ENDPOINT,192.168.31.250,S-1-5-21-3668646789-1015520123-2189852209-1001,abdul@SOC-ENDPOINT,S-1-5-21-3668646789-1015520123-2189852209-1001,abdul,,,Microsoft Windows 11 Pro,10.0.26100,-,,FileCreate,Microsoft-Windows-Sysmon/Operational,customFilebeat,53a699d3-ba9c-42d1-b3fb-ba9e17878590,SysmonEvent
2025-03-11T15:30:36.8508019-07:00,94454220-1F68-4D00-A054-75EA15542CB6,SOC-ENDPOINT,192.168.31.250,S-1-5-21-3668646789-1015520123-2189852209-1001,abdul@SOC-ENDPOINT,S-1-5-21-3668646789-1015520123-2189852209-1001,abdul,,,Microsoft Windows 11 Pro,10.0.26100,,,Winlog,Security,customFilebeat,bc2f1e69-1833-4660-9db9-70edab76085b,WinlogEvent
2025-03-11T15:30:36.9288248-07:00,94454220-1F68-4D00-A054-75EA15542CB6,SOC-ENDPOINT,192.168.31.250,S-1-5-21-3668646789-1015520123-2189852209-1001,abdul@SOC-ENDPOINT,S-1-5-21-3668646789-1015520123-2189852209-1001,abdul,,,Microsoft Windows 11 Pro,10.0.26100,,,Winlog,Security,customFilebeat,4587c2b6-3520-40cd-810c-f854e0a61293,WinlogEvent
2025-03-11T15:30:36.8982742-07:00,94454220-1F68-4D00-A054-75EA15542CB6,SOC-ENDPOINT,192.168.31.250,S-1-5-21-3668646789-1015520123-2189852209-1001,abdul@SOC-ENDPOINT,S-1-5-21-3668646789-1015520123-2189852209-1001,abdul,,,Microsoft Windows 11 Pro,10.0.26100,,,Winlog,Security,customFilebeat,3ff575d2-dbb4-4638-98b1-8b499d0a4aff,WinlogEvent
2025-03-11T15:30:36.8985550-07:00,94454220-1F68-4D00-A054-75EA15542CB6,SOC-ENDPOINT,192.168.31.250,S-1-5-21-3668646789-1015520123-2189852209-1001,abdul@SOC-ENDPOINT,S-1-5-21-3668646789-1015520123-2189852209-1001,abdul,,,Microsoft Windows 11 Pro,10.0.26100,,,Winlog,Security,customFilebeat,8e8e7138-319f-4691-84b1-17842f13d270,WinlogEvent
2025-03-11T15:30:36.9265913-07:00,94454220-1F68-4D00-A054-75EA15542CB6,SOC-ENDPOINT,192.168.31.250,S-1-5-21-3668646789-1015520123-2189852209-1001,abdul@SOC-ENDPOINT,S-1-5-21-3668646789-1015520123-2189852209-1001,abdul,,,Microsoft Windows 11 Pro,10.0.26100,,,Winlog,Security,customFilebeat,0658e43c-c164-406c-81f6-009c258fecf7,WinlogEvent
2025-03-11T16:12:50.7951049-07:00,94454220-1F68-4D00-A054-75EA15542CB6,SOC-ENDPOINT,192.168.31.250,S-1-5-21-3668646789-1015520123-2189852209-1001,abdul@SOC-ENDPOINT,S-1-5-21-3668646789-1015520123-2189852209-1001,abdul,1309.2501.23012.0,C:\Windows\UUS\arm64\MoUsoCoreWorker.exe,Microsoft Windows 11 Pro,10.0.26100,,MoUSO Core Worker Process,ProcessCreate,Microsoft-Windows-Sysmon/Operational,customFilebeat,a4431910-055d-4fd4-a741-bad336e8c251,SysmonEvent
2025-03-11T16:12:51.8674444-07:00,94454220-1F68-4D00-A054-75EA15542CB6,SOC-ENDPOINT,192.168.31.250,S-1-5-21-3668646789-1015520123-2189852209-1001,abdul@SOC-ENDPOINT,S-1-5-21-3668646789-1015520123-2189852209-1001,abdul,10.0.26100.1 (WinBuild.160101.0800),C:\Windows\System32\WindowsPowerShell\v1.0\powershell.exe,Microsoft Windows 11 Pro,10.0.26100,,Windows PowerShell,ProcessCreate,Microsoft-Windows-Sysmon/Operational,customFilebeat,efebdc6d-e6e7-49d5-9c5b-185df9fdf817,SysmonEvent
2025-03-11T16:12:52.0841848-07:00,94454220-1F68-4D00-A054-75EA15542CB6,SOC-ENDPOINT,192.168.31.250,S-1-5-21-3668646789-1015520123-2189852209-1001,abdul@SOC-ENDPOINT,S-1-5-21-3668646789-1015520123-2189852209-1001,abdul,,,Microsoft Windows 11 Pro,10.0.26100,-,,FileCreate,Microsoft-Windows-Sysmon/Operational,customFilebeat,ab2cc023-910d-4ecd-bb5c-a89362873188,SysmonEvent
2025-03-11T16:05:57.3973758-07:00,94454220-1F68-4D00-A054-75EA15542CB6,SOC-ENDPOINT,192.168.31.250,S-1-5-21-3668646789-1015520123-2189852209-1001,abdul@SOC-ENDPOINT,S-1-5-21-3668646789-1015520123-2189852209-1001,abdul,,,Microsoft Windows 11 Pro,10.0.26100,,,Winlog,Security,customFilebeat,615833ee-a594-4fbc-811c-e4d422a30cf7,WinlogEvent
2025-03-11T16:05:58.5112669-07:00,94454220-1F68-4D00-A054-75EA15542CB6,SOC-ENDPOINT,192.168.31.250,S-1-5-21-3668646789-1015520123-2189852209-1001,abdul@SOC-ENDPOINT,S-1-5-21-3668646789-1015520123-2189852209-1001,abdul,,,Microsoft Windows 11 Pro,10.0.26100,-,,FileCreate,Microsoft-Windows-Sysmon/Operational,customFilebeat,32f7a43f-1090-4f2a-bae4-e26d769c42ee,SysmonEvent
2025-03-11T16:05:58.2599041-07:00,94454220-1F68-4D00-A054-75EA15542CB6,SOC-ENDPOINT,192.168.31.250,S-1-5-21-3668646789-1015520123-2189852209-1001,abdul@SOC-ENDPOINT,S-1-5-21-3668646789-1015520123-2189852209-1001,abdul,10.0.26100.1 (WinBuild.160101.0800),C:\Windows\System32\WindowsPowerShell\v1.0\powershell.exe,Microsoft Windows 11 Pro,10.0.26100,,Windows PowerShell,ProcessCreate,Microsoft-Windows-Sysmon/Operational,customFilebeat,59641d09-abc4-4cc3-ac95-5d8ecce98991,SysmonEvent
2025-03-11T16:12:51.8666682-07:00,94454220-1F68-4D00-A054-75EA15542CB6,SOC-ENDPOINT,192.168.31.250,S-1-5-21-3668646789-1015520123-2189852209-1001,abdul@SOC-ENDPOINT,S-1-5-21-3668646789-1015520123-2189852209-1001,abdul,10.0.26100.1 (WinBuild.160101.0800),C:\Windows\System32\WindowsPowerShell\v1.0\powershell.exe,Microsoft Windows 11 Pro,10.0.26100,,Windows PowerShell,ProcessCreate,Microsoft-Windows-Sysmon/Operational,customFilebeat,3ee5c6bb-5b41-4689-9f2b-025b6e81383a,SysmonEvent
2025-03-11T16:12:52.1119717-07:00,94454220-1F68-4D00-A054-75EA15542CB6,SOC-ENDPOINT,192.168.31.250,S-1-5-21-3668646789-1015520123-2189852209-1001,abdul@SOC-ENDPOINT,S-1-5-21-3668646789-1015520123-2189852209-1001,abdul,,,Microsoft Windows 11 Pro,10.0.26100,-,,FileCreate,Microsoft-Windows-Sysmon/Operational,customFilebeat,a2022eec-bb9c-41f8-ac46-c64be0ebd483,SysmonEvent
2025-03-11T16:19:06.6073179-07:00,94454220-1F68-4D00-A054-75EA15542CB6,SOC-ENDPOINT,192.168.31.250,S-1-5-21-3668646789-1015520123-2189852209-1001,abdul@SOC-ENDPOINT,S-1-5-21-3668646789-1015520123-2189852209-1001,abdul,10.0.26100.1 (WinBuild.160101.0800),C:\Windows\System32\WindowsPowerShell\v1.0\powershell.exe,Microsoft Windows 11 Pro,10.0.26100,,Windows PowerShell,ProcessCreate,Microsoft-Windows-Sysmon/Operational,customFilebeat,542aa5e8-2e65-4cf9-9bcd-92537938fc1a,SysmonEvent
2025-03-11T16:19:06.6067396-07:00,94454220-1F68-4D00-A054-75EA15542CB6,SOC-ENDPOINT,192.168.31.250,S-1-5-21-3668646789-1015520123-2189852209-1001,abdul@SOC-ENDPOINT,S-1-5-21-3668646789-1015520123-2189852209-1001,abdul,10.0.26100.1 (WinBuild.160101.0800),C:\Windows\System32\WindowsPowerShell\v1.0\powershell.exe,Microsoft Windows 11 Pro,10.0.26100,,Windows PowerShell,ProcessCreate,Microsoft-Windows-Sysmon/Operational,customFilebeat,4738ad04-7e3d-4c80-ab3a-79252d14a0a9,SysmonEvent
2025-03-11T16:12:50.9852288-07:00,94454220-1F68-4D00-A054-75EA15542CB6,SOC-ENDPOINT,192.168.31.250,S-1-5-21-3668646789-1015520123-2189852209-1001,abdul@SOC-ENDPOINT,S-1-5-21-3668646789-1015520123-2189852209-1001,abdul,,,Microsoft Windows 11 Pro,10.0.26100,,,Winlog,Security,customFilebeat,f6f155ba-274c-4a1e-b7d3-f1c3ba8972e9,WinlogEvent
2025-03-11T16:12:50.9852505-07:00,94454220-1F68-4D00-A054-75EA15542CB6,SOC-ENDPOINT,192.168.31.250,S-1-5-21-3668646789-1015520123-2189852209-1001,abdul@SOC-ENDPOINT,S-1-5-21-3668646789-1015520123-2189852209-1001,abdul,,,Microsoft Windows 11 Pro,10.0.26100,,,Winlog,Security,customFilebeat,435eba2b-aad2-4c69-ac33-732b5da5c900,WinlogEvent
2025-03-11T16:19:06.8123825-07:00,94454220-1F68-4D00-A054-75EA15542CB6,SOC-ENDPOINT,192.168.31.250,S-1-5-21-3668646789-1015520123-2189852209-1001,abdul@SOC-ENDPOINT,S-1-5-21-3668646789-1015520123-2189852209-1001,abdul,,,Microsoft Windows 11 Pro,10.0.26100,-,,FileCreate,Microsoft-Windows-Sysmon/Operational,customFilebeat,a4bd50ab-b76e-475c-97dd-ffb84372b183,SysmonEvent
2025-03-11T16:19:06.9537599-07:00,94454220-1F68-4D00-A054-75EA15542CB6,SOC-ENDPOINT,192.168.31.250,S-1-5-21-3668646789-1015520123-2189852209-1001,abdul@SOC-ENDPOINT,S-1-5-21-3668646789-1015520123-2189852209-1001,abdul,,,Microsoft Windows 11 Pro,10.0.26100,-,,FileCreate,Microsoft-Windows-Sysmon/Operational,customFilebeat,d2fafe79-6fb7-48e3-b592-b34ede526fc8,SysmonEvent
2025-03-11T15:59:04.5269582-07:00,94454220-1F68-4D00-A054-75EA15542CB6,SOC-ENDPOINT,192.168.31.250,S-1-5-21-3668646789-1015520123-2189852209-1001,abdul@SOC-ENDPOINT,S-1-5-21-3668646789-1015520123-2189852209-1001,abdul,10.0.26100.1 (WinBuild.160101.0800),C:\Windows\System32\WindowsPowerShell\v1.0\powershell.exe,Microsoft Windows 11 Pro,10.0.26100,,Windows PowerShell,ProcessCreate,Microsoft-Windows-Sysmon/Operational,customFilebeat,8cee57df-c7bb-4a41-ad43-8cb1c94bc5d1,SysmonEvent
2025-03-11T15:59:04.5274794-07:00,94454220-1F68-4D00-A054-75EA15542CB6,SOC-ENDPOINT,192.168.31.250,S-1-5-21-3668646789-1015520123-2189852209-1001,abdul@SOC-ENDPOINT,S-1-5-21-3668646789-1015520123-2189852209-1001,abdul,10.0.26100.1 (WinBuild.160101.0800),C:\Windows\System32\WindowsPowerShell\v1.0\powershell.exe,Microsoft Windows 11 Pro,10.0.26100,,Windows PowerShell,ProcessCreate,Microsoft-Windows-Sysmon/Operational,customFilebeat,6e7ed4a0-31b0-439a-8684-76bdf7dcf17d,SysmonEvent
2025-03-11T15:53:02.7138778-07:00,94454220-1F68-4D00-A054-75EA15542CB6,SOC-ENDPOINT,192.168.31.250,S-1-5-21-3668646789-1015520123-2189852209-1001,abdul@SOC-ENDPOINT,S-1-5-21-3668646789-1015520123-2189852209-1001,abdul,10.0.26100.1 (WinBuild.160101.0800),C:\Windows\System32\WindowsPowerShell\v1.0\powershell.exe,Microsoft Windows 11 Pro,10.0.26100,,Windows PowerShell,ProcessCreate,Microsoft-Windows-Sysmon/Operational,customFilebeat,f5f21fc5-f2c3-4e66-87c2-a7fa25f21daa,SysmonEvent
2025-03-11T15:53:01.6534487-07:00,94454220-1F68-4D00-A054-75EA15542CB6,SOC-ENDPOINT,192.168.31.250,S-1-5-21-3668646789-1015520123-2189852209-1001,abdul@SOC-ENDPOINT,S-1-5-21-3668646789-1015520123-2189852209-1001,abdul,10.0.26100.3037 (WinBuild.160101.0800),C:\Windows\System32\appidcertstorecheck.exe,Microsoft Windows 11 Pro,10.0.26100,,AppID Certificate Store Verification Task,ProcessCreate,Microsoft-Windows-Sysmon/Operational,customFilebeat,33af41a2-6708-4c05-b3c0-f5d40ac6f903,SysmonEvent
2025-03-11T16:05:57.2068877-07:00,94454220-1F68-4D00-A054-75EA15542CB6,SOC-ENDPOINT,192.168.31.250,S-1-5-21-3668646789-1015520123-2189852209-1001,abdul@SOC-ENDPOINT,S-1-5-21-3668646789-1015520123-2189852209-1001,abdul,1309.2501.23012.0,C:\Windows\UUS\arm64\MoUsoCoreWorker.exe,Microsoft Windows 11 Pro,10.0.26100,,MoUSO Core Worker Process,ProcessCreate,Microsoft-Windows-Sysmon/Operational,customFilebeat,35c9a102-b4db-441c-9112-f0a36fcb1a3a,SysmonEvent
2025-03-11T16:05:58.2592081-07:00,94454220-1F68-4D00-A054-75EA15542CB6,SOC-ENDPOINT,192.168.31.250,S-1-5-21-3668646789-1015520123-2189852209-1001,abdul@SOC-ENDPOINT,S-1-5-21-3668646789-1015520123-2189852209-1001,abdul,10.0.26100.1 (WinBuild.160101.0800),C:\Windows\System32\WindowsPowerShell\v1.0\powershell.exe,Microsoft Windows 11 Pro,10.0.26100,,Windows PowerShell,ProcessCreate,Microsoft-Windows-Sysmon/Operational,customFilebeat,d97e42cc-8c68-4c25-affd-7b53e7cb4379,SysmonEvent
2025-03-11T15:44:00.0236114-07:00,94454220-1F68-4D00-A054-75EA15542CB6,SOC-ENDPOINT,192.168.31.250,S-1-5-21-3668646789-1015520123-2189852209-1001,abdul@SOC-ENDPOINT,S-1-5-21-3668646789-1015520123-2189852209-1001,abdul,10.0.26100.1 (WinBuild.160101.0800),C:\Windows\System32\WindowsPowerShell\v1.0\powershell.exe,Microsoft Windows 11 Pro,10.0.26100,,Windows PowerShell,ProcessCreate,Microsoft-Windows-Sysmon/Operational,customFilebeat,0f68489b-c026-4edf-ac88-eab89df1f08d,SysmonEvent
2025-03-11T16:05:57.3973483-07:00,94454220-1F68-4D00-A054-75EA15542CB6,SOC-ENDPOINT,192.168.31.250,S-1-5-21-3668646789-1015520123-2189852209-1001,abdul@SOC-ENDPOINT,S-1-5-21-3668646789-1015520123-2189852209-1001,abdul,,,Microsoft Windows 11 Pro,10.0.26100,,,Winlog,Security,customFilebeat,128d48a1-3840-456f-880a-90b314a4073b,WinlogEvent
2025-03-11T15:59:04.7600638-07:00,94454220-1F68-4D00-A054-75EA15542CB6,SOC-ENDPOINT,192.168.31.250,S-1-5-21-3668646789-1015520123-2189852209-1001,abdul@SOC-ENDPOINT,S-1-5-21-3668646789-1015520123-2189852209-1001,abdul,,,Microsoft Windows 11 Pro,10.0.26100,-,,FileCreate,Microsoft-Windows-Sysmon/Operational,customFilebeat,a621aa73-c695-487d-b46c-44b4f58eb242,SysmonEvent
2025-03-11T16:05:58.4272238-07:00,94454220-1F68-4D00-A054-75EA15542CB6,SOC-ENDPOINT,192.168.31.250,S-1-5-21-3668646789-1015520123-2189852209-1001,abdul@SOC-ENDPOINT,S-1-5-21-3668646789-1015520123-2189852209-1001,abdul,,,Microsoft Windows 11 Pro,10.0.26100,-,,FileCreate,Microsoft-Windows-Sysmon/Operational,customFilebeat,cf2ba19e-78a0-4335-9d9b-21c3ff9a7a0c,SysmonEvent
2025-03-11T15:59:04.8347745-07:00,94454220-1F68-4D00-A054-75EA15542CB6,SOC-ENDPOINT,192.168.31.250,S-1-5-21-3668646789-1015520123-2189852209-1001,abdul@SOC-ENDPOINT,S-1-5-21-3668646789-1015520123-2189852209-1001,abdul,,,Microsoft Windows 11 Pro,10.0.26100,-,,FileCreate,Microsoft-Windows-Sysmon/Operational,customFilebeat,c374c087-a748-4dc5-9346-205b981c62d8,SysmonEvent
2025-03-11T15:43:58.9321256-07:00,94454220-1F68-4D00-A054-75EA15542CB6,SOC-ENDPOINT,192.168.31.250,S-1-5-21-3668646789-1015520123-2189852209-1001,abdul@SOC-ENDPOINT,S-1-5-21-3668646789-1015520123-2189852209-1001,abdul,10.0.26100.2033 (WinBuild.160101.0800),C:\Windows\System32\svchost.exe,Microsoft Windows 11 Pro,10.0.26100,,Host Process for Windows Services,ProcessCreate,Microsoft-Windows-Sysmon/Operational,customFilebeat,beaba3a4-3c0a-4230-a8bd-cc23ad8255c7,SysmonEvent
2025-03-11T15:53:02.7121194-07:00,94454220-1F68-4D00-A054-75EA15542CB6,SOC-ENDPOINT,192.168.31.250,S-1-5-21-3668646789-1015520123-2189852209-1001,abdul@SOC-ENDPOINT,S-1-5-21-3668646789-1015520123-2189852209-1001,abdul,10.0.26100.1 (WinBuild.160101.0800),C:\Windows\System32\WindowsPowerShell\v1.0\powershell.exe,Microsoft Windows 11 Pro,10.0.26100,,Windows PowerShell,ProcessCreate,Microsoft-Windows-Sysmon/Operational,customFilebeat,103140b6-260a-44d2-8a0c-243a17e8ad49,SysmonEvent
2025-03-11T15:44:00.0243492-07:00,94454220-1F68-4D00-A054-75EA15542CB6,SOC-ENDPOINT,192.168.31.250,S-1-5-21-3668646789-1015520123-2189852209-1001,abdul@SOC-ENDPOINT,S-1-5-21-3668646789-1015520123-2189852209-1001,abdul,10.0.26100.1 (WinBuild.160101.0800),C:\Windows\System32\WindowsPowerShell\v1.0\powershell.exe,Microsoft Windows 11 Pro,10.0.26100,,Windows PowerShell,ProcessCreate,Microsoft-Windows-Sysmon/Operational,customFilebeat,f180467d-f275-4842-beed-14b8fa9497e5,SysmonEvent
2025-03-11T15:43:58.8765394-07:00,94454220-1F68-4D00-A054-75EA15542CB6,SOC-ENDPOINT,192.168.31.250,S-1-5-21-3668646789-1015520123-2189852209-1001,abdul@SOC-ENDPOINT,S-1-5-21-3668646789-1015520123-2189852209-1001,abdul,,,Microsoft Windows 11 Pro,10.0.26100,,,Winlog,Security,customFilebeat,d716acb6-be5d-4d9a-8012-747881034f0a,WinlogEvent
2025-03-11T15:43:58.8765924-07:00,94454220-1F68-4D00-A054-75EA15542CB6,SOC-ENDPOINT,192.168.31.250,S-1-5-21-3668646789-1015520123-2189852209-1001,abdul@SOC-ENDPOINT,S-1-5-21-3668646789-1015520123-2189852209-1001,abdul,,,Microsoft Windows 11 Pro,10.0.26100,,,Winlog,Security,customFilebeat,dfa32313-9ed7-46b0-883f-e86dd3b5910b,WinlogEvent
2025-03-11T15:44:00.2758487-07:00,94454220-1F68-4D00-A054-75EA15542CB6,SOC-ENDPOINT,192.168.31.250,S-1-5-21-3668646789-1015520123-2189852209-1001,abdul@SOC-ENDPOINT,S-1-5-21-3668646789-1015520123-2189852209-1001,abdul,,,Microsoft Windows 11 Pro,10.0.26100,-,,FileCreate,Microsoft-Windows-Sysmon/Operational,customFilebeat,9d9d51f4-8a1a-4adc-bdde-0d7c6be19ced,SysmonEvent
2025-03-11T15:38:24.5592965-07:00,94454220-1F68-4D00-A054-75EA15542CB6,SOC-ENDPOINT,192.168.31.250,S-1-5-21-3668646789-1015520123-2189852209-1001,abdul@SOC-ENDPOINT,S-1-5-21-3668646789-1015520123-2189852209-1001,abdul,,,Microsoft Windows 11 Pro,10.0.26100,-,,FileCreate,Microsoft-Windows-Sysmon/Operational,customFilebeat,41ffd1c2-9192-455a-a962-664cd090a146,SysmonEvent
2025-03-11T15:53:02.9444592-07:00,94454220-1F68-4D00-A054-75EA15542CB6,SOC-ENDPOINT,192.168.31.250,S-1-5-21-3668646789-1015520123-2189852209-1001,abdul@SOC-ENDPOINT,S-1-5-21-3668646789-1015520123-2189852209-1001,abdul,,,Microsoft Windows 11 Pro,10.0.26100,-,,FileCreate,Microsoft-Windows-Sysmon/Operational,customFilebeat,e1071e86-b0ee-4fdc-b302-17033ea518d1,SysmonEvent
2025-03-11T15:44:00.2955968-07:00,94454220-1F68-4D00-A054-75EA15542CB6,SOC-ENDPOINT,192.168.31.250,S-1-5-21-3668646789-1015520123-2189852209-1001,abdul@SOC-ENDPOINT,S-1-5-21-3668646789-1015520123-2189852209-1001,abdul,,,Microsoft Windows 11 Pro,10.0.26100,-,,FileCreate,Microsoft-Windows-Sysmon/Operational,customFilebeat,bdd52484-740a-47d1-afcf-293decb82933,SysmonEvent
2025-03-11T15:53:03.0043418-07:00,94454220-1F68-4D00-A054-75EA15542CB6,SOC-ENDPOINT,192.168.31.250,S-1-5-21-3668646789-1015520123-2189852209-1001,abdul@SOC-ENDPOINT,S-1-5-21-3668646789-1015520123-2189852209-1001,abdul,,,Microsoft Windows 11 Pro,10.0.26100,-,,FileCreate,Microsoft-Windows-Sysmon/Operational,customFilebeat,d96e34c8-991e-4c90-8925-32de8f293d4f,SysmonEvent
2025-03-11T16:24:36.4547080-07:00,94454220-1F68-4D00-A054-75EA15542CB6,SOC-ENDPOINT,192.168.31.250,S-1-5-21-3668646789-1015520123-2189852209-1001,abdul@SOC-ENDPOINT,S-1-5-21-3668646789-1015520123-2189852209-1001,abdul,10.0.26100.1 (WinBuild.160101.0800),C:\Windows\System32\WindowsPowerShell\v1.0\powershell.exe,Microsoft Windows 11 Pro,10.0.26100,,Windows PowerShell,ProcessCreate,Microsoft-Windows-Sysmon/Operational,customFilebeat,8839764e-3c84-4e06-a204-4a5ccba9181e,SysmonEvent
2025-03-11T16:31:46.4954713-07:00,94454220-1F68-4D00-A054-75EA15542CB6,SOC-ENDPOINT,192.168.31.250,S-1-5-21-3668646789-1015520123-2189852209-1001,abdul@SOC-ENDPOINT,S-1-5-21-3668646789-1015520123-2189852209-1001,abdul,10.0.26100.1 (WinBuild.160101.0800),C:\Windows\System32\WindowsPowerShell\v1.0\powershell.exe,Microsoft Windows 11 Pro,10.0.26100,,Windows PowerShell,ProcessCreate,Microsoft-Windows-Sysmon/Operational,customFilebeat,e392b62c-dd56-46f9-890b-a014d7906899,SysmonEvent
2025-03-11T16:31:46.4946170-07:00,94454220-1F68-4D00-A054-75EA15542CB6,SOC-ENDPOINT,192.168.31.250,S-1-5-21-3668646789-1015520123-2189852209-1001,abdul@SOC-ENDPOINT,S-1-5-21-3668646789-1015520123-2189852209-1001,abdul,10.0.26100.1 (WinBuild.160101.0800),C:\Windows\System32\WindowsPowerShell\v1.0\powershell.exe,Microsoft Windows 11 Pro,10.0.26100,,Windows PowerShell,ProcessCreate,Microsoft-Windows-Sysmon/Operational,customFilebeat,dbd8eae4-2f9c-4145-ba9e-7cd75c467231,SysmonEvent
2025-03-11T16:24:36.4555755-07:00,94454220-1F68-4D00-A054-75EA15542CB6,SOC-ENDPOINT,192.168.31.250,S-1-5-21-3668646789-1015520123-2189852209-1001,abdul@SOC-ENDPOINT,S-1-5-21-3668646789-1015520123-2189852209-1001,abdul,10.0.26100.1 (WinBuild.160101.0800),C:\Windows\System32\WindowsPowerShell\v1.0\powershell.exe,Microsoft Windows 11 Pro,10.0.26100,,Windows PowerShell,ProcessCreate,Microsoft-Windows-Sysmon/Operational,customFilebeat,e418df7a-3d28-4c0d-b013-16be19bc921a,SysmonEvent
2025-03-11T16:31:46.6912580-07:00,94454220-1F68-4D00-A054-75EA15542CB6,SOC-ENDPOINT,192.168.31.250,S-1-5-21-3668646789-1015520123-2189852209-1001,abdul@SOC-ENDPOINT,S-1-5-21-3668646789-1015520123-2189852209-1001,abdul,,,Microsoft Windows 11 Pro,10.0.26100,-,,FileCreate,Microsoft-Windows-Sysmon/Operational,customFilebeat,057ccd25-38c2-4e69-bfe0-005b53ec7f5f,SysmonEvent
2025-03-11T16:24:36.8008876-07:00,94454220-1F68-4D00-A054-75EA15542CB6,SOC-ENDPOINT,192.168.31.250,S-1-5-21-3668646789-1015520123-2189852209-1001,abdul@SOC-ENDPOINT,S-1-5-21-3668646789-1015520123-2189852209-1001,abdul,,,Microsoft Windows 11 Pro,10.0.26100,-,,FileCreate,Microsoft-Windows-Sysmon/Operational,customFilebeat,a88c4bc5-ee67-455d-8021-07b986b35428,SysmonEvent
2025-03-11T16:24:36.7886225-07:00,94454220-1F68-4D00-A054-75EA15542CB6,SOC-ENDPOINT,192.168.31.250,S-1-5-21-3668646789-1015520123-2189852209-1001,abdul@SOC-ENDPOINT,S-1-5-21-3668646789-1015520123-2189852209-1001,abdul,,,Microsoft Windows 11 Pro,10.0.26100,-,,FileCreate,Microsoft-Windows-Sysmon/Operational,customFilebeat,e5e1d82a-3147-43ad-9ed7-8d13d6e872cb,SysmonEvent
2025-03-11T16:31:46.6903812-07:00,94454220-1F68-4D00-A054-75EA15542CB6,SOC-ENDPOINT,192.168.31.250,S-1-5-21-3668646789-1015520123-2189852209-1001,abdul@SOC-ENDPOINT,S-1-5-21-3668646789-1015520123-2189852209-1001,abdul,,,Microsoft Windows 11 Pro,10.0.26100,-,,FileCreate,Microsoft-Windows-Sysmon/Operational,customFilebeat,cad09fcb-b2e3-4ce9-9cc7-c34c5a80c55c,SysmonEvent
